-- phpMyAdmin SQL Dump
-- version 4.9.0.1
-- https://www.phpmyadmin.net/
--
-- Host: sql110.epizy.com
-- Generation Time: Jun 18, 2022 at 07:02 AM
-- Server version: 10.3.27-MariaDB
-- PHP Version: 7.2.22

SET SQL_MODE = "NO_AUTO_VALUE_ON_ZERO";
SET AUTOCOMMIT = 0;
START TRANSACTION;
SET time_zone = "+00:00";


/*!40101 SET @OLD_CHARACTER_SET_CLIENT=@@CHARACTER_SET_CLIENT */;
/*!40101 SET @OLD_CHARACTER_SET_RESULTS=@@CHARACTER_SET_RESULTS */;
/*!40101 SET @OLD_COLLATION_CONNECTION=@@COLLATION_CONNECTION */;
/*!40101 SET NAMES utf8mb4 */;

--
-- Database: `epiz_31372445_dietclinic`
--

-- --------------------------------------------------------

--
-- Table structure for table `admin`
--

CREATE TABLE `admin` (
  `admin_id` int(11) NOT NULL,
  `name` varchar(30) DEFAULT NULL,
  `gender` varchar(10) DEFAULT NULL,
  `phone` varchar(20) DEFAULT NULL,
  `login_id` int(11) DEFAULT NULL,
  `CreatedOrModified` timestamp NOT NULL DEFAULT current_timestamp() ON UPDATE current_timestamp()
) ENGINE=InnoDB DEFAULT CHARSET=latin1;

--
-- Dumping data for table `admin`
--

INSERT INTO `admin` (`admin_id`, `name`, `gender`, `phone`, `login_id`, `CreatedOrModified`) VALUES
(1, 'Tanzeel Ur Rehman', 'male', '3057225865', 1, '2022-05-08 13:44:40'),
(2, 'Obaid Ur Rehman', 'male', '3328002182', 2, '2022-05-08 13:44:40');

-- --------------------------------------------------------

--
-- Table structure for table `body_measurements`
--

CREATE TABLE `body_measurements` (
  `bm_no` int(11) NOT NULL,
  `height` int(11) DEFAULT NULL,
  `current_weight` int(11) DEFAULT NULL,
  `target_weight` int(11) DEFAULT NULL,
  `age` int(11) DEFAULT NULL,
  `right_thigh` int(11) DEFAULT NULL,
  `left_thigh` int(11) DEFAULT NULL,
  `waist_above` int(11) DEFAULT NULL,
  `belly_button` int(11) DEFAULT NULL,
  `chest` int(11) DEFAULT NULL,
  `calves` int(11) DEFAULT NULL,
  `hips` int(11) DEFAULT NULL,
  `days` int(11) DEFAULT NULL,
  `client_id` int(11) DEFAULT NULL,
  `CreatedOrModified` timestamp NOT NULL DEFAULT current_timestamp() ON UPDATE current_timestamp()
) ENGINE=InnoDB DEFAULT CHARSET=latin1;

--
-- Dumping data for table `body_measurements`
--

INSERT INTO `body_measurements` (`bm_no`, `height`, `current_weight`, `target_weight`, `age`, `right_thigh`, `left_thigh`, `waist_above`, `belly_button`, `chest`, `calves`, `hips`, `days`, `client_id`, `CreatedOrModified`) VALUES
(1, 65, 102, 70, 29, 56, 54, 111, 135, 120, 40, 133, 0, 5, '2022-05-08 13:44:40'),
(2, 67, 90, 67, 27, 25, 25, 44, 46, 44, 16, 43, 0, 16, '2022-05-08 13:44:40'),
(3, 67, 67, 95, 23, 67, 67, 100, 107, 103, 45, 109, 0, 15, '2022-05-08 13:44:40'),
(4, 61, 65, 55, 35, 70, 70, 80, 91, 90, 38, 104, 0, 10, '2022-05-08 13:44:40'),
(5, 61, 92, 70, 50, 60, 61, 119, 120, 123, 41, 127, 0, 8, '2022-05-08 13:44:40'),
(6, 68, 80, 65, 22, 56, 56, 91, 93, 102, 40, 109, 0, 6, '2022-05-08 13:44:40'),
(7, 62, 70, 55, 21, 58, 58, 81, 86, 91, 39, 106, 0, 4, '2022-05-08 13:44:40'),
(8, 66, 81, 66, 21, 66, 69, 87, 92, 102, 42, 111, 0, 3, '2022-05-08 13:44:40'),
(9, 64, 70, 64, 28, 52, 52, 90, 92, 96, 40, 100, 0, 13, '2022-05-08 13:44:40'),
(10, 60, 45, 55, 24, 45, 45, 63, 65, 79, 33, 64, 0, 11, '2022-05-08 13:44:40'),
(11, 62, 69, 56, 23, 67, 67, 84, 92, 91, 38, 110, 0, 12, '2022-05-08 13:44:40'),
(12, 65, 84, 57, 22, 27, 27, 45, 38, 43, 19, 47, 0, 2, '2022-05-08 13:44:40'),
(13, 45, 30, 30, 15, 25, 25, 25, 25, 25, 10, 25, 0, 21, '2022-05-08 13:44:40'),
(14, 62, 67, 55, 23, 59, 60, 86, 100, 100, 34, 101, 0, 22, '2022-05-08 13:44:40'),
(15, 56, 88, 30, 25, 69, 69, 87, 112, 102, 40, 121, 0, 19, '2022-05-08 13:44:40'),
(16, 62, 86, 60, 39, 63, 62, 115, 116, 107, 40, 118, 0, 7, '2022-05-08 13:44:40'),
(17, 67, 95, 60, 26, 80, 80, 98, 118, 109, 42, 124, 0, 20, '2022-05-08 13:44:40'),
(18, 0, 0, 0, 0, 0, 0, 0, 0, 0, 0, 0, 0, 18, '2022-05-08 13:44:40'),
(19, 0, 0, 0, 0, 0, 0, 0, 0, 0, 0, 0, 0, 17, '2022-05-08 13:44:40'),
(20, 60, 90, 80, 29, 71, 66, 117, 127, 104, 15, 121, 0, 23, '2022-05-08 13:44:40'),
(21, 63, 83, 60, 29, 60, 60, 86, 103, 39, 37, 115, 0, 24, '2022-05-08 13:44:40'),
(22, 60, 46, 40, 20, 50, 49, 63, 71, 80, 31, 87, 0, 25, '2022-05-08 13:44:40'),
(23, 66, 70, 59, 29, 56, 56, 87, 94, 37, 38, 100, 0, 29, '2022-05-08 13:44:40'),
(24, 60, 68, 50, 22, 60, 60, 98, 104, 98, 32, 103, 0, 30, '2022-05-08 13:44:40'),
(25, 68, 85, 72, 24, 60, 58, 96, 107, 97, 41, 107, 0, 28, '2022-05-08 13:44:40'),
(26, 61, 92, 70, 36, 27, 27, 39, 46, 39, 20, 50, 0, 26, '2022-05-08 13:44:40'),
(29, 62, 70, 55, 28, 25, 25, 34, 40, 39, 14, 47, 0, 31, '2022-05-08 13:44:40'),
(30, 67, 89, 65, 26, 28, 26, 30, 32, 34, 18, 38, 0, 32, '2022-05-08 13:44:40'),
(31, 68, 90, 60, 24, 25, 25, 41, 41, 44, 16, 42, 0, 36, '2022-05-08 13:44:40'),
(32, 62, 74, 60, 30, 26, 25, 37, 43, 39, 15, 43, 0, 38, '2022-05-08 13:44:40'),
(33, 45, 68, 62, 21, 55, 55, 75, 80, 93, 37, 95, 0, 35, '2022-05-08 13:44:40'),
(34, 45, 51, 57, 22, 25, 25, 25, 28, 25, 10, 25, 0, 37, '2022-05-08 13:44:40'),
(35, 54, 67, 46, 25, 25, 25, 38, 25, 37, 12, 40, 0, 34, '2022-05-08 13:44:40'),
(36, 53, 75, 60, 28, 25, 25, 35, 36, 34, 13, 42, 0, 40, '2022-05-08 13:44:40'),
(37, 69, 92, 65, 23, 74, 74, 87, 117, 91, 49, 122, 0, 41, '2022-05-08 13:44:40'),
(38, 66, 70, 55, 22, 55, 55, 82, 86, 97, 38, 86, 0, 43, '2022-05-08 13:44:40'),
(39, 62, 78, 55, 29, 57, 57, 102, 104, 104, 38, 117, 0, 39, '2022-05-08 13:44:40'),
(40, 66, 70, 60, 26, 60, 64, 72, 80, 85, 40, 104, 0, 44, '2022-05-08 13:44:40'),
(42, 45, 69, 59, 23, 60, 60, 86, 101, 94, 10, 108, 0, 45, '2022-05-28 20:03:39'),
(43, 52, 105, 60, 24, 26, 26, 51, 47, 49, 17, 32, 0, 42, '2022-05-08 13:44:40'),
(45, 59, 74, 43, 32, 62, 62, 96, 104, 106, 40, 110, 0, 48, '2022-05-08 13:44:40'),
(46, 61, 62, 55, 29, 54, 57, 78, 98, 86, 32, 103, 0, 52, '2022-05-08 13:44:40'),
(47, 52, 30, 50, 21, 25, 45, 45, 85, 94, 34, 94, 0, 51, '2022-05-08 13:44:40'),
(48, 0, 0, 0, 0, 0, 0, 0, 0, 0, 0, 0, 0, 47, '2022-05-08 13:44:40'),
(49, 54, 65, 50, 20, 61, 62, 90, 99, 88, 35, 99, 0, 53, '2022-05-08 13:44:40'),
(50, 60, 35, 45, 27, 40, 39, 63, 68, 71, 22, 81, 0, 54, '2022-05-08 13:44:40'),
(51, 59, 58, 45, 31, 52, 52, 84, 94, 72, 38, 58, 0, 55, '2022-05-08 13:44:40'),
(52, 58, 62, 48, 24, 58, 58, 88, 96, 103, 34, 102, 0, 56, '2022-05-08 13:44:40'),
(53, 65, 72, 60, 28, 68, 70, 95, 97, 109, 40, 117, 0, 57, '2022-05-08 13:44:40'),
(54, 59, 75, 70, 19, 25, 25, 25, 25, 25, 10, 25, 0, 58, '2022-05-08 13:44:40'),
(55, 62, 68, 55, 23, 66, 66, 80, 88, 89, 39, 109, 15, 12, '2022-05-08 13:44:40'),
(56, 45, 30, 30, 15, 25, 25, 25, 25, 25, 10, 25, 0, 60, '2022-05-08 13:44:40'),
(57, 61, 68, 47, 22, 55, 55, 64, 87, 92, 38, 98, 0, 59, '2022-05-08 13:44:40'),
(58, 61, 70, 50, 26, 50, 50, 79, 86, 97, 33, 102, 0, 62, '2022-05-08 13:44:40'),
(59, 68, 56, 62, 25, 50, 51, 67, 81, 84, 35, 92, 0, 63, '2022-05-08 13:44:40'),
(60, 65, 71, 67, 32, 58, 60, 85, 90, 97, 36, 104, 0, 65, '2022-05-08 13:44:40'),
(61, 72, 126, 81, 29, 69, 69, 112, 122, 122, 43, 132, 0, 68, '2022-05-08 13:44:40'),
(62, 63, 49, 54, 25, 25, 25, 73, 86, 84, 10, 25, 0, 64, '2022-05-08 13:44:40'),
(63, 66, 72, 60, 37, 57, 60, 97, 105, 100, 37, 110, 0, 66, '2022-05-08 13:44:40'),
(64, 66, 70, 64, 39, 56, 56, 93, 98, 93, 36, 101, 0, 67, '2022-05-08 13:44:40'),
(65, 62, 62, 50, 21, 58, 58, 75, 90, 90, 33, 95, 0, 49, '2022-05-08 13:44:40'),
(66, 67, 64, 52, 19, 63, 63, 81, 85, 94, 34, 103, 0, 70, '2022-05-08 13:44:40'),
(67, 0, 0, 0, 0, 0, 0, 0, 0, 0, 0, 0, 0, 72, '2022-05-08 13:44:40'),
(68, 61, 70, 50, 26, 55, 53, 83, 109, 96, 15, 114, 0, 69, '2022-05-08 13:44:40'),
(70, 68, 51, 65, 24, 44, 44, 72, 76, 82, 28, 82, 0, 73, '2022-05-08 13:44:40'),
(71, 67, 84, 60, 24, 51, 52, 92, 100, 111, 38, 108, 15, 36, '2022-05-08 13:44:40'),
(72, 62, 74, 60, 30, 25, 25, 35, 38, 39, 14, 42, 15, 38, '2022-05-08 13:44:40'),
(74, 57, 46, 58, 18, 43, 43, 63, 70, 77, 28, 86, 0, 78, '2022-05-08 13:44:40'),
(75, 60, 65, 55, 22, 30, 30, 32, 40, 34, 17, 30, 15, 43, '2022-05-08 13:44:40'),
(76, 70, 77, 55, 31, 74, 74, 37, 39, 39, 12, 47, 0, 71, '2022-05-08 13:44:40'),
(77, 45, 86, 60, 21, 73, 72, 80, 87, 94, 41, 115, 0, 74, '2022-05-08 13:44:40'),
(78, 63, 78, 60, 19, 61, 61, 97, 102, 74, 39, 117, 0, 85, '2022-05-08 13:44:40'),
(79, 64, 67, 59, 19, 56, 53, 88, 103, 104, 39, 52, 0, 83, '2022-05-08 13:44:40'),
(81, 55, 75, 60, 17, 60, 60, 88, 93, 92, 36, 105, 0, 86, '2022-05-08 13:44:40'),
(82, 61, 75, 60, 60, 57, 57, 92, 110, 113, 12, 115, 0, 79, '2022-05-08 13:44:40'),
(83, 70, 99, 75, 24, 70, 69, 91, 98, 102, 42, 108, 0, 80, '2022-05-08 13:44:40'),
(84, 62, 60, 49, 33, 50, 52, 81, 91, 94, 35, 98, 0, 89, '2022-05-08 13:44:40'),
(85, 63, 75, 52, 30, 60, 60, 88, 103, 100, 41, 113, 0, 84, '2022-05-08 13:44:40'),
(86, 63, 44, 54, 23, 44, 45, 66, 74, 81, 28, 83, 0, 93, '2022-05-08 13:44:40'),
(87, 45, 70, 59, 18, 40, 39, 34, 41, 39, 13, 43, 0, 92, '2022-05-08 13:44:40'),
(88, 62, 58, 50, 24, 25, 25, 27, 34, 35, 15, 39, 0, 91, '2022-05-08 13:44:40'),
(89, 60, 38, 50, 23, 25, 25, 25, 25, 25, 10, 25, 0, 81, '2022-05-08 13:44:40'),
(90, 64, 71, 65, 26, 55, 55, 83, 94, 92, 37, 107, 0, 96, '2022-05-08 13:44:40'),
(91, 67, 87, 67, 27, 60, 60, 102, 105, 106, 39, 107, 0, 61, '2022-05-08 13:44:40'),
(92, 63, 47, 60, 22, 45, 45, 71, 74, 76, 30, 90, 0, 97, '2022-05-08 16:45:02'),
(93, 61, 38, 48, 28, 43, 43, 64, 65, 32, 28, 79, 0, 99, '2022-05-08 20:12:07'),
(94, 64, 88, 62, 22, 64, 65, 103, 105, 104, 38, 112, 0, 101, '2022-05-09 08:38:30'),
(95, 65, 85, 75, 35, 63, 63, 93, 98, 95, 44, 113, 0, 87, '2022-05-09 10:08:41'),
(96, 63, 61, 53, 29, 46, 46, 86, 86, 86, 36, 97, 0, 94, '2022-05-09 13:13:23'),
(97, 62, 72, 60, 27, 63, 63, 84, 99, 97, 37, 112, 0, 100, '2022-05-09 14:23:05'),
(98, 66, 78, 65, 27, 58, 58, 99, 104, 107, 38, 40, 0, 82, '2022-05-09 16:25:52'),
(99, 56, 84, 58, 25, 65, 65, 82, 105, 100, 38, 116, 15, 19, '2022-05-09 18:19:10'),
(100, 62, 76, 55, 30, 58, 58, 99, 104, 104, 33, 112, 15, 39, '2022-05-09 20:15:33'),
(101, 65, 65, 55, 21, 61, 59, 81, 25, 91, 10, 25, 0, 103, '2022-05-10 05:11:36'),
(102, 66, 72, 60, 26, 60, 59, 87, 92, 92, 37, 105, 0, 88, '2022-05-10 13:14:37'),
(103, 64, 65, 55, 35, 53, 53, 79, 95, 92, 37, 100, 0, 104, '2022-05-10 14:43:38'),
(104, 65, 65, 50, 22, 46, 46, 25, 92, 100, 36, 101, 0, 98, '2022-05-10 14:57:58'),
(105, 63, 58, 56, 24, 45, 45, 55, 60, 53, 17, 62, 0, 95, '2022-05-10 16:47:49'),
(106, 63, 88, 65, 33, 72, 72, 112, 114, 112, 43, 124, 0, 106, '2022-05-10 16:51:03'),
(107, 64, 58, 52, 26, 25, 25, 30, 32, 35, 14, 38, 0, 105, '2022-05-10 17:01:30'),
(108, 58, 62, 48, 25, 59, 59, 25, 87, 25, 37, 99, 15, 56, '2022-05-10 17:24:04'),
(111, 64, 78, 60, 17, 62, 60, 91, 100, 96, 37, 76, 0, 111, '2022-05-11 07:24:05'),
(112, 58, 30, 40, 24, 29, 29, 53, 57, 65, 23, 70, 0, 107, '2022-05-11 10:37:08'),
(113, 65, 90, 60, 22, 71, 70, 95, 96, 103, 42, 122, 0, 113, '2022-05-11 14:51:35'),
(114, 63, 62, 50, 22, 53, 54, 82, 85, 93, 30, 100, 0, 110, '2022-05-11 17:43:52'),
(115, 65, 66, 58, 23, 58, 58, 85, 25, 95, 10, 73, 0, 102, '2022-05-12 04:32:28'),
(117, 59, 71, 50, 17, 57, 56, 84, 91, 96, 39, 105, 0, 114, '2022-05-12 08:24:27'),
(118, 63, 95, 80, 28, 46, 46, 81, 88, 90, 33, 99, 0, 90, '2022-05-12 18:02:39'),
(119, 59, 88, 45, 23, 64, 62, 102, 111, 115, 44, 80, 0, 124, '2022-05-13 04:24:09'),
(121, 60, 68, 60, 25, 61, 61, 60, 97, 103, 97, 33, 0, 127, '2022-05-13 12:35:15'),
(122, 60, 58, 52, 24, 51, 51, 76, 82, 87, 34, 92, 0, 126, '2022-05-13 13:02:30'),
(124, 67, 116, 90, 21, 59, 59, 114, 116, 115, 40, 114, 0, 108, '2022-05-13 17:32:35'),
(125, 69, 51, 65, 22, 41, 41, 69, 72, 81, 30, 78, 0, 131, '2022-05-13 21:21:58'),
(126, 63, 76, 52, 30, 58, 58, 92, 92, 101, 43, 110, 0, 130, '2022-05-13 21:40:41'),
(127, 60, 85, 65, 27, 30, 25, 41, 41, 39, 10, 43, 0, 125, '2022-05-14 11:58:00'),
(128, 69, 57, 47, 22, 25, 25, 35, 33, 37, 12, 36, 0, 132, '2022-05-14 15:40:24'),
(129, 66, 75, 30, 28, 59, 59, 82, 89, 92, 33, 110, 0, 137, '2022-05-14 18:33:41'),
(130, 54, 75, 50, 29, 25, 25, 40, 44, 44, 14, 44, 0, 136, '2022-05-14 23:47:42'),
(133, 60, 68, 45, 26, 60, 60, 84, 96, 90, 38, 100, 0, 138, '2022-05-15 07:16:14'),
(134, 72, 99, 75, 34, 66, 69, 104, 115, 111, 40, 135, 0, 134, '2022-05-15 09:56:33'),
(136, 63, 76, 65, 28, 63, 63, 86, 101, 97, 40, 106, 0, 128, '2022-05-15 16:17:56'),
(137, 65, 67, 58, 27, 60, 60, 83, 83, 88, 10, 104, 0, 135, '2022-05-15 18:32:56'),
(138, 62, 80, 60, 35, 25, 25, 38, 40, 40, 16, 45, 0, 129, '2022-05-16 10:56:37'),
(140, 60, 73, 48, 23, 59, 60, 102, 105, 104, 35, 109, 0, 143, '2022-05-16 13:13:55'),
(141, 55, 77, 63, 32, 60, 60, 92, 92, 98, 10, 110, 0, 140, '2022-05-16 16:33:58'),
(142, 62, 66, 50, 25, 52, 53, 79, 88, 95, 35, 102, 0, 139, '2022-05-17 07:50:50'),
(143, 71, 105, 82, 28, 66, 63, 102, 110, 121, 43, 108, 0, 142, '2022-05-17 08:11:38'),
(144, 63, 70, 60, 30, 49, 49, 78, 84, 86, 34, 101, 0, 141, '2022-05-17 08:58:01'),
(145, 62, 92, 82, 29, 25, 25, 25, 25, 42, 10, 25, 0, 144, '2022-05-17 17:16:13'),
(146, 74, 142, 90, 27, 80, 80, 142, 138, 124, 46, 134, 0, 152, '2022-05-18 17:00:19'),
(147, 61, 62, 47, 26, 52, 52, 91, 92, 94, 31, 96, 0, 147, '2022-05-19 15:27:00'),
(148, 62, 90, 80, 58, 63, 66, 101, 109, 104, 45, 111, 0, 149, '2022-05-19 05:51:40'),
(149, 69, 98, 70, 19, 72, 72, 100, 116, 113, 46, 113, 0, 154, '2022-05-19 09:08:56'),
(150, 60, 61, 55, 26, 25, 28, 25, 32, 35, 12, 25, 0, 145, '2022-05-19 15:03:44'),
(151, 64, 104, 65, 32, 79, 79, 109, 138, 117, 17, 140, 0, 146, '2022-05-19 15:22:52'),
(152, 65, 110, 75, 28, 78, 77, 115, 141, 114, 45, 142, 0, 153, '2022-05-20 11:00:26'),
(153, 74, 74, 85, 28, 50, 50, 25, 70, 75, 30, 72, 0, 148, '2022-05-20 13:19:10'),
(154, 67, 65, 60, 40, 55, 55, 81, 88, 91, 35, 102, 0, 155, '2022-05-21 12:55:50'),
(155, 60, 95, 60, 27, 25, 25, 40, 42, 42, 10, 50, 0, 157, '2022-05-21 21:44:14'),
(156, 64, 69, 55, 24, 25, 25, 33, 36, 39, 15, 41, 0, 156, '2022-05-22 05:43:16'),
(157, 60, 80, 60, 24, 57, 60, 92, 95, 101, 36, 131, 0, 161, '2022-05-22 11:12:43'),
(159, 62, 68, 54, 32, 55, 55, 88, 98, 99, 38, 101, 0, 160, '2022-05-23 09:17:57'),
(161, 67, 70, 60, 30, 25, 25, 37, 41, 0, 38, 42, 0, 162, '2022-05-28 20:09:15'),
(162, 67, 48, 52, 22, 48, 47, 68, 74, 79, 49, 91, 0, 158, '2022-05-23 15:58:30'),
(163, 63, 77, 58, 48, 61, 61, 90, 92, 103, 38, 114, 0, 165, '2022-05-23 16:48:14'),
(164, 60, 79, 55, 25, 23, 24, 36, 36, 41, 14, 49, 0, 163, '2022-05-26 17:32:47'),
(165, 62, 86, 60, 22, 66, 64, 97, 107, 56, 41, 119, 0, 166, '2022-05-23 17:43:34'),
(167, 58, 63, 45, 26, 49, 49, 93, 97, 96, 30, 104, 0, 164, '2022-05-24 13:57:47'),
(168, 66, 76, 65, 27, 25, 25, 36, 37, 40, 13, 42, 0, 168, '2022-05-25 18:46:01'),
(169, 58, 100, 50, 38, 52, 54, 112, 134, 126, 48, 127, 0, 171, '2022-05-26 11:30:23'),
(170, 64, 85, 60, 26, 71, 66, 88, 96, 104, 39, 123, 0, 167, '2022-05-26 11:43:21'),
(171, 64, 100, 50, 24, 31, 30, 47, 48, 46, 19, 51, 0, 173, '2022-05-26 13:36:26'),
(173, 63, 73, 55, 21, 63, 63, 81, 105, 98, 38, 108, 0, 170, '2022-05-26 17:27:53'),
(174, 63, 67, 55, 22, 52, 51, 85, 35, 99, 38, 103, 0, 174, '2022-05-26 18:27:45'),
(175, 63, 69, 55, 23, 54, 53, 93, 110, 114, 41, 97, 0, 176, '2022-05-27 08:59:58'),
(177, 59, 48, 40, 22, 46, 46, 75, 74, 88, 33, 89, 0, 178, '2022-05-27 14:09:48'),
(179, 61, 59, 52, 19, 47, 47, 82, 90, 94, 31, 94, 0, 180, '2022-05-27 17:17:49'),
(181, 64, 58, 52, 24, 51, 51, 71, 89, 85, 32, 92, 15, 95, '2022-05-28 20:05:21'),
(183, 63, 65, 54, 22, 59, 61, 78, 79, 89, 37, 100, 0, 182, '2022-05-28 20:11:18'),
(184, 65, 76, 65, 27, 25, 25, 25, 25, 25, 10, 25, 0, 181, '2022-05-28 17:06:02'),
(185, 65, 82, 75, 35, 62, 62, 95, 99, 95, 42, 117, 15, 87, '2022-05-28 20:04:58'),
(186, 45, 71, 65, 26, 53, 53, 80, 87, 89, 37, 106, 15, 96, '2022-05-28 20:05:59'),
(187, 67, 78, 60, 29, 55, 55, 84, 97, 95, 37, 105, 0, 179, '2022-05-28 20:10:36'),
(188, 70, 97, 75, 24, 68, 67, 87, 92, 100, 41, 104, 1, 80, '2022-05-29 16:13:19'),
(189, 65, 62, 55, 21, 58, 56, 76, 81, 89, 36, 97, 15, 103, '2022-06-18 08:36:37'),
(190, 66, 49, 57, 20, 45, 45, 66, 66, 76, 33, 90, 0, 186, '2022-05-30 07:03:46'),
(191, 61, 41, 48, 28, 47, 47, 68, 73, 76, 29, 82, 15, 99, '2022-06-18 08:36:47'),
(192, 64, 36, 45, 19, 40, 41, 51, 61, 71, 18, 79, 0, 177, '2022-06-18 08:41:49'),
(193, 62, 69, 50, 25, 0, 0, 0, 0, 0, 0, 0, 0, 188, '2022-05-30 16:50:54'),
(194, 60, 55, 52, 24, 48, 50, 25, 81, 86, 30, 91, 15, 126, '2022-06-18 08:36:19'),
(195, 64, 55, 48, 20, 45, 45, 75, 80, 89, 30, 88, 0, 112, '2022-06-18 08:41:16'),
(196, 65, 76, 68, 46, 57, 57, 102, 106, 104, 36, 103, 0, 190, '2022-05-30 17:15:10'),
(199, 67, 95, 65, 18, 68, 66, 109, 114, 106, 38, 119, 0, 185, '2022-06-18 08:42:26'),
(200, 64, 71, 60, 29, 27, 26, 32, 37, 40, 14, 40, 0, 189, '2022-05-31 09:59:26'),
(203, 61, 63, 50, 21, 55, 55, 76, 90, 92, 35, 102, 0, 184, '2022-05-31 18:30:21'),
(204, 52, 70, 60, 30, 25, 25, 34, 39, 39, 14, 41, 16, 38, '2022-06-01 08:32:50'),
(205, 70, 140, 70, 21, 70, 70, 138, 138, 126, 50, 130, 0, 187, '2022-06-01 12:24:36'),
(206, 64, 70, 55, 23, 56, 55, 81, 96, 96, 40, 110, 0, 193, '2022-06-01 12:51:46'),
(207, 65, 63, 50, 27, 55, 55, 81, 89, 96, 35, 100, 0, 195, '2022-06-02 14:17:51'),
(208, 63, 79, 60, 25, 28, 28, 35, 45, 40, 15, 40, 0, 196, '2022-06-02 15:40:22'),
(209, 67, 84, 70, 48, 53, 54, 107, 112, 115, 38, 115, 0, 197, '2022-06-03 05:26:32'),
(210, 63, 30, 56, 33, 66, 65, 79, 87, 99, 37, 104, 0, 191, '2022-06-02 15:49:49'),
(211, 64, 90, 55, 23, 68, 68, 100, 120, 110, 44, 36, 0, 199, '2022-06-02 17:05:28'),
(212, 0, 0, 0, 0, 0, 0, 0, 0, 0, 0, 0, 0, 198, '2022-06-02 17:24:21'),
(214, 69, 92, 75, 26, 27, 72, 99, 107, 107, 43, 119, 0, 200, '2022-06-02 17:43:25'),
(215, 71, 76, 65, 20, 53, 53, 91, 91, 101, 35, 99, 0, 204, '2022-06-04 06:49:45'),
(216, 66, 78, 55, 36, 61, 61, 94, 96, 99, 38, 105, 0, 183, '2022-06-04 07:18:46'),
(217, 63, 74, 50, 25, 65, 66, 105, 109, 102, 40, 105, 0, 201, '2022-06-04 11:23:37'),
(218, 60, 65, 50, 24, 59, 59, 90, 104, 98, 42, 102, 0, 205, '2022-06-04 17:04:06'),
(219, 65, 70, 49, 26, 49, 49, 86, 90, 91, 38, 99, 0, 208, '2022-06-06 06:57:45'),
(220, 68, 56, 60, 25, 49, 49, 73, 78, 85, 33, 96, 0, 207, '2022-06-06 07:01:11'),
(222, 45, 74, 30, 29, 64, 66, 81, 100, 97, 40, 110, 0, 206, '2022-06-06 08:43:35'),
(224, 60, 72, 45, 23, 59, 60, 101, 105, 104, 35, 108, 15, 143, '2022-06-18 08:38:40'),
(225, 61, 40, 50, 18, 36, 36, 63, 68, 70, 27, 78, 0, 210, '2022-06-09 14:36:02'),
(226, 61, 83, 60, 29, 62, 62, 107, 118, 104, 39, 116, 0, 214, '2022-06-08 17:41:29'),
(227, 63, 77, 60, 28, 25, 25, 34, 40, 38, 13, 45, 0, 216, '2022-06-08 18:10:29'),
(229, 64, 90, 60, 31, 63, 68, 86, 91, 96, 35, 114, 0, 211, '2022-06-08 18:27:23'),
(232, 69, 36, 48, 22, 26, 26, 27, 22, 28, 26, 31, 0, 203, '2022-06-18 08:43:39'),
(233, 62, 62, 52, 27, 25, 25, 31, 35, 35, 13, 37, 0, 213, '2022-06-09 06:31:55'),
(234, 61, 102, 65, 36, 25, 25, 47, 53, 44, 16, 53, 0, 221, '2022-06-10 11:31:03'),
(235, 63, 96, 70, 35, 68, 67, 110, 122, 118, 47, 117, 0, 218, '2022-06-11 05:12:28'),
(236, 70, 52, 65, 24, 25, 25, 25, 25, 25, 10, 25, 0, 212, '2022-06-11 11:46:42'),
(237, 62, 80, 30, 28, 25, 25, 37, 38, 39, 10, 47, 0, 227, '2022-06-11 20:37:45'),
(239, 62, 64, 55, 29, 62, 60, 78, 92, 93, 38, 106, 0, 226, '2022-06-12 09:28:57'),
(240, 58, 63, 42, 27, 25, 25, 33, 39, 40, 14, 38, 0, 209, '2022-06-12 10:59:05'),
(241, 64, 60, 50, 22, 54, 55, 77, 90, 93, 33, 94, 0, 228, '2022-06-12 17:26:04'),
(242, 45, 80, 60, 23, 69, 68, 92, 107, 60, 38, 111, 0, 222, '2022-06-12 16:06:07'),
(244, 66, 97, 75, 36, 26, 26, 38, 42, 44, 15, 48, 0, 225, '2022-06-18 08:44:51'),
(245, 65, 72, 57, 25, 59, 58, 89, 96, 99, 38, 111, 0, 219, '2022-06-12 19:44:14'),
(246, 66, 80, 59, 27, 25, 25, 25, 25, 25, 10, 25, 0, 229, '2022-06-12 20:05:06'),
(247, 66, 83, 60, 25, 54, 55, 95, 108, 104, 38, 110, 0, 231, '2022-06-13 14:17:52'),
(249, 58, 76, 50, 17, 55, 56, 86, 98, 101, 41, 106, 0, 230, '2022-06-13 15:11:17'),
(250, 60, 73, 60, 28, 49, 48, 95, 107, 94, 32, 107, 0, 235, '2022-06-14 13:59:23'),
(251, 62, 90, 65, 26, 64, 64, 91, 102, 112, 10, 117, 0, 232, '2022-06-14 14:51:30'),
(252, 60, 92, 65, 32, 80, 80, 97, 58, 113, 44, 140, 0, 234, '2022-06-14 16:38:01'),
(255, 66, 45, 60, 23, 34, 34, 62, 75, 71, 40, 80, 0, 237, '2022-06-14 17:46:03'),
(257, 67, 47, 62, 28, 42, 42, 68, 75, 79, 28, 89, 0, 240, '2022-06-15 17:39:05'),
(258, 61, 38, 45, 20, 25, 25, 25, 25, 25, 10, 25, 0, 238, '2022-06-15 18:14:16'),
(259, 65, 78, 68, 19, 57, 57, 81, 89, 101, 38, 111, 0, 241, '2022-06-16 05:21:20'),
(260, 63, 73, 56, 30, 51, 51, 86, 88, 100, 41, 103, 30, 130, '2022-06-18 08:38:16'),
(261, 62, 70, 50, 39, 25, 25, 25, 25, 25, 10, 25, 0, 242, '2022-06-17 15:48:04');

-- --------------------------------------------------------

--
-- Table structure for table `client`
--

CREATE TABLE `client` (
  `client_id` int(11) NOT NULL,
  `first_name` varchar(30) DEFAULT NULL,
  `last_name` varchar(30) DEFAULT NULL,
  `gender` varchar(30) DEFAULT NULL,
  `phone` varchar(30) DEFAULT NULL,
  `insta_id` varchar(30) DEFAULT NULL,
  `address` varchar(300) DEFAULT NULL,
  `city` varchar(30) DEFAULT NULL,
  `profession` varchar(30) DEFAULT NULL,
  `login_id` int(11) DEFAULT NULL,
  `comment` varchar(1000) DEFAULT NULL,
  `remarks` int(11) DEFAULT NULL,
  `followup` int(11) DEFAULT 0,
  `CreatedOrModified` timestamp NOT NULL DEFAULT current_timestamp() ON UPDATE current_timestamp(),
  `reference` varchar(300) DEFAULT NULL
) ENGINE=InnoDB DEFAULT CHARSET=latin1;

--
-- Dumping data for table `client`
--

INSERT INTO `client` (`client_id`, `first_name`, `last_name`, `gender`, `phone`, `insta_id`, `address`, `city`, `profession`, `login_id`, `comment`, `remarks`, `followup`, `CreatedOrModified`, `reference`) VALUES
(2, 'Javaria', 'Adeel', 'female', '03136731684', 'jiya.adeel.31', '', 'Multan', 'Housewife', 10, 'Need a plan', NULL, 120, '2022-05-08 13:44:40', NULL),
(3, 'Nida ', 'Zanib', 'female', '03314957737', '_.zanib._5', 'Gujranwala', 'Gujranwala', 'Medical student', 11, '', NULL, 45, '2022-05-20 17:19:11', NULL),
(4, 'Areej', 'Aslam', 'female', '03320073983', 'Areej5003', '', 'Lahore', 'Student', 12, 'Need a plan', NULL, 30, '2022-05-08 13:44:40', NULL),
(5, 'Amna', 'Naveed', 'female', '03066424199', 'Mamarocklife', 'Green town sadiqabad', 'Rahim yar khan', 'House wife', 13, '', NULL, 30, '2022-05-08 13:44:40', NULL),
(6, 'Sawera ', 'Nusrat', 'female', '03466946713', 'Sawera8688', '', 'Gujar khan', 'Tailor', 14, 'Need a plan', NULL, 45, '2022-05-20 17:18:12', NULL),
(7, 'Faria', 'Raheel', 'female', ' +821068054698', 'fariaraheel', '', 'Islamabad', 'Housewife', 15, 'Need a plan', NULL, 15, '2022-05-08 13:44:40', NULL),
(8, 'Tehmina', 'Auzair', 'female', '03219417040', 'tehminaauzairqazi', '', 'Lahore', 'Housewife', 16, 'Need a plan', NULL, 30, '2022-05-08 13:44:40', NULL),
(9, 'Misbah', 'Hannan', NULL, 'Misbah Hannan-03125031700', 'Misbahhannan', NULL, NULL, NULL, 17, NULL, NULL, 45, '2022-05-22 16:25:32', NULL),
(10, 'Mehreen', 'Qureshi', 'female', '03004181924', 'Mehreenqueshy', '', 'Lahore', 'Housewife', 18, 'Need a plan', NULL, 30, '2022-05-08 13:44:40', NULL),
(11, 'Sara', 'Taj', 'female', 'Sara  03150095092', 'paych11976', '', 'Islamabad', 'Student', 19, 'Need a plan', NULL, 15, '2022-05-08 13:44:40', NULL),
(12, 'Kainata', 'Asad', 'female', 'Kanita Asad  03175044469', 'Kanitaasad', '', 'Murree', 'School teacher', 20, 'Need a plan', NULL, 0, '2022-05-08 13:44:40', NULL),
(13, 'Sheerin ', 'Akbar', 'female', 'Sheerin Akbar 0334-8773429', 'sheerinakbar', '', 'Larkana', 'Doctor', 21, 'Need a plan', NULL, 30, '2022-05-08 13:44:40', NULL),
(14, NULL, NULL, NULL, '03321764428', 'Akkksa7', NULL, NULL, NULL, 22, NULL, NULL, 15, '2022-05-08 13:44:40', NULL),
(15, 'Maria', 'Tariq', 'female', '0346-4556840', 'Mairaa_tariq_', '', 'Lahore', 'Student', 23, 'Need a plan', NULL, 105, '2022-05-08 13:44:40', NULL),
(16, 'Nauman', 'Tajamal', 'male', '03224191603', 'nomynouman', 'St.9 h.no.924 Makkah colony gulberg 3 Lahore', 'Lahore', 'Banker', 24, 'Weight loss', NULL, 60, '2022-06-06 13:55:29', NULL),
(17, 'Ayesha ', 'Maaz', 'female', '03102183343', 'Khansa8906', 'Murghi khana jamal e ibrahim r 31 karachi', 'Karachi', 'House wife', 25, 'No ', NULL, 45, '2022-05-08 13:44:40', NULL),
(18, 'Sehrish', 'Usman', 'female', '0343 6343765', 'sehrishsikandarrr', 'Village Ghanian khurd,p/o mngat uncha tehsil, district hafizabad', 'Hafizabad', 'House wife', 26, '', NULL, 45, '2022-05-08 13:44:40', NULL),
(19, 'Mrs ', 'Bilal', 'female', '0345-9518900', 'syedatehmina', 'Soan Garden', 'Islamabad', 'Housewife', 27, '', NULL, 0, '2022-05-09 18:19:10', NULL),
(20, 'Warda', 'Batool', 'female', '03367014316', '_marsoolah_', 'House 69..sector k-2..street 3..phase 3 ..hayatabad', 'Peshawar', 'Doctor', 28, '', NULL, 15, '2022-05-08 13:44:40', NULL),
(21, 'Mir Sikandar', 'Khan', 'male', '03343565582', 'mirr_khann', 'Noonari House Near, Allied Bank', 'Thul', 'Student', 29, '', NULL, 15, '2022-05-08 13:44:40', NULL),
(22, 'Aiza', 'Ali', 'female', '03024847597', 'ayzaalii', '31 Q1 Wapda Town phase 2 Lahore Pakistan', 'Lahore', 'Make-up artist', 30, '', NULL, 15, '2022-05-08 13:44:40', NULL),
(23, 'Tabassum', 'Sarmad', 'female', '03452399587', 'Zarwishk36', '', 'Narowal', '', 31, '', NULL, 15, '2022-05-08 13:44:40', NULL),
(24, 'Mahnoor', 'Qazi', 'female', '03315700248', 'Cosmeticgalleria20', 'FLAT NO 11 BLOCK 5B G9/2 ISLAMABAD', 'ISLAMABAD', 'HOUSE WIFE ', 32, '', NULL, 45, '2022-05-23 17:17:47', NULL),
(25, 'Ghania', 'Zaidi', 'female', '03102364347', 'Zaidi.19', 'R-33 shumails homes Jaffer e tayyar malir ', 'Karachi', 'Student', 33, '', NULL, 15, '2022-05-08 13:44:40', NULL),
(26, 'Sana', 'Ajmal', 'female', '03236320946', 'Sanaajmal54', 'Barkat ali street, Boghra green town, hajipura Road sialkot ', 'Sialkot ', 'House wife ', 34, 'I want loss my weight 😩 ', NULL, 45, '2022-05-25 16:48:00', NULL),
(27, 'Misbah', 'Mazhar', 'female', '33627197954', 'Misbahmazhar61', NULL, NULL, NULL, 35, NULL, NULL, 60, '2022-06-08 18:52:25', NULL),
(28, 'Saad', 'Hameed ', 'male', '03247730523', 'Saddi955', 'House # 133 B-1, Najam shaheed road, westridge 1 ', 'Rawalpindi ', 'MBBS Doctor ', 36, '', NULL, 15, '2022-05-08 13:44:40', NULL),
(29, 'Zarlish', 'Sarwar', 'female', '03070805844', 'Drzarlish', 'Bahria town ', 'Lahore', 'Doctor', 37, '', NULL, 15, '2022-05-08 13:44:40', NULL),
(30, 'Harisa', 'Javaid', 'female', '03069168365', 'Harsachaudhary', 'Muqama e hayat', 'Sargodha', 'Student', 38, 'Weight loss', NULL, 15, '2022-05-08 13:44:40', NULL),
(31, 'Saher', 'Ashraf', 'female', '03262722226', 'Saher_ashraf90', '175 h garden town', 'GUJRANWALA', 'Dentist ', 39, 'I am a mother of 3 month old child', NULL, 15, '2022-05-08 13:44:40', NULL),
(32, 'Ainy', 'Tareen', 'female', '03054299914', 'Ainy_tareen', 'House no1 Paris road near anwar Sialkot ', 'Sialkot ', 'Nothing ', 40, '', NULL, 15, '2022-05-08 13:44:40', NULL),
(33, 'Iqra', 'Noreen ', 'female', '03305414415', 'Shinningbay143', 'Jhelum city ', 'Jhelum ', 'Student Fsc Pre medical ', 41, 'Weight loss ', NULL, 15, '2022-05-08 13:44:40', NULL),
(34, 'Maham', 'Amjad', 'female', '03203161833', 'maham_ch_5', 'Dubai chowk', 'Sailkot', 'Student', 42, 'ma ny diet ni li apky mutbihk proper but ma ny metha or oily chezy ni kahi medical issue', NULL, 15, '2022-05-08 13:44:40', NULL),
(35, 'Fajr', 'Gul', 'female', '03000623008', 'Fajjrruunn', 'Jamke road daska', 'Daska', 'Free', 43, '', NULL, 15, '2022-05-08 13:44:40', NULL),
(36, 'Ammarah', 'Qayyum ', 'female', '03338989625', 'Ammarah_qayyum', 'House#1764-A Dtype colony Faisalabad ', 'Faisalabad ', 'Management ', 44, '', NULL, 0, '2022-05-08 13:44:40', NULL),
(37, 'Sehar', 'Baloch', 'female', '03021498760', 'Seharrbaloch', 'Sabzazar', 'Lahore', 'Student', 45, '', NULL, 15, '2022-05-08 13:44:40', NULL),
(38, 'Madiha', 'Ashraf ', 'female', '03435556347', 'Madiha.shahzadi.7', 'Riyadh Saudi Arabia ', 'Riyadh ', 'Teacher ', 46, 'I want  the diet plan for PCOS', NULL, 45, '2022-06-01 08:27:59', 'No '),
(39, 'Hamna', 'Suleman ', 'female', '03335426353', 'Hamna_habib', 'House No. 224, A Block, Ghulam Muhammad Abad, Faisalabad ', 'Faisalabad ', 'House wife', 47, '', NULL, 0, '2022-05-09 20:15:33', NULL),
(40, 'Faiza', 'Hamid', 'female', '03315450392', 'Faizahamid1', 'House number 1street number 1 krl road rawalpindi', 'Rawalpindi', 'House wife', 48, '', NULL, 15, '2022-05-08 13:44:40', NULL),
(41, 'Aymen ', 'Farooq', 'female', '03336882522', 'Aymenfarooq6', 'Khanpur sheikhupura ', 'Sheikhupura ', 'Doctor', 49, 'My weight just got stuck 😫 and pcos symptoms are being worsening. So help me with this 🥺 ', NULL, 15, '2022-05-08 13:44:40', NULL),
(42, 'Fatima', 'Arshad', 'female', '971523744166', 'Fatti_jutt', 'Nanka Road shahkot', 'Shahkot', 'Salon', 50, '', NULL, 60, '2022-06-17 06:49:01', NULL),
(43, 'Noor', 'Ijaz', 'female', '03090601633', '1182_noor', 'Superior University opposite side gellani girls hostel Lahore', 'Lahore', 'Student', 51, 'Reduce fat ', NULL, 0, '2022-05-08 13:44:40', NULL),
(44, 'Fathima', 'Bhatti', 'female', '03204478129', 'Fathima_bhatti', 'Gulshan ravi', 'Pakistan', 'Housewife and teacher', 52, '', NULL, 15, '2022-05-08 13:44:40', NULL),
(45, 'Kinnat', 'Ali', 'female', '03153512677', 'Kinnat_786_', 'House No. B-718 C/O Ghafar general store Fish market Road Dadu.', 'Dadu', 'Mother of 2 children ,Housewif', 53, 'Weight Loss', NULL, 15, '2022-05-08 13:44:40', NULL),
(46, 'Sundas', 'Awais', 'female', '03144049000', 'Sundas.sheikh.35', 'Maher barkat wala bazar, st#11 Allah bux colony link Approach road', 'Gujranwala', 'Housewife', 54, 'I hope i would satisfy with this weightloss journey.', NULL, 45, '2022-06-04 05:48:40', NULL),
(47, 'Ammara', 'Akmal', 'female', '15713318670', 'Ammaraakmal90', 'House 304 Abu baker block Qartaba town ', 'Sargodha ', 'Radiologist', 55, 'Weight loss', NULL, 45, '2022-06-06 13:53:53', NULL),
(48, 'Uzma', 'Fayyaz', 'female', '03022327904', 'Uzma_fayyaz', 'Gulistane johar ', 'Karachi', 'Banker', 56, 'I want to loose post partum weight', NULL, 15, '2022-05-08 13:44:40', NULL),
(49, 'Sadaf', 'Rehman', NULL, '03099197825', 'Benaam858', NULL, NULL, NULL, 57, NULL, NULL, 0, '2022-05-08 13:44:40', NULL),
(50, 'Amna ', 'Shabbir', 'female', '03148005435', 'Amnashabbir9876', ' Street #4 peoples colony gujranwala ', 'Gujranwala', 'Student', 58, '', NULL, 0, '2022-05-08 13:44:40', NULL),
(51, 'Sadia ', 'Afzal', 'female', '03172122371', 'Sa_.dyy', '', 'Sialkot,pakistan', 'Lawyer', 59, '..', NULL, 15, '2022-05-08 13:44:40', NULL),
(52, 'Madiha', 'Shahjhan', 'female', '03039756743', 'Jahangiralam9650', 'Zee garden Arif wala road faisalabad', 'Fasilabad', 'Housewife', 60, '', NULL, 15, '2022-05-08 13:44:40', NULL),
(53, 'Faryal', 'Bhatti', 'female', '03479612485', '__faryal', 'i10 2 street 10 gali 25 house 1738 ', 'Islamabad', 'Student', 61, '', NULL, 15, '2022-05-10 17:12:38', 'No one'),
(54, 'Rida', 'Tahir', 'female', '03340035801', 'Zumarfaris12', '', 'Sibi', 'Teacher', 62, '', NULL, 15, '2022-05-08 13:44:40', NULL),
(55, 'Mehwish', 'Ali', 'female', '03337980869', 'lifeofmehwish', 'R50 salman garden Malir city karachi', 'Karachi', 'Teacher ', 63, 'Let’s see how it works', NULL, 15, '2022-05-13 17:12:26', NULL),
(56, 'Tayyaba', 'Momina', 'female', '03441369229', 'Tayyabamomina', 'House788.f2 block johar town lahore', 'Lahore', 'Staff nurse', 64, 'I m a hostel girl. Cant go outside for exercise.  Kindly keep it consideration', NULL, 0, '2022-05-13 09:08:28', ''),
(57, 'Tahreem ', 'Ahmad', 'female', '03348087807', 'Tehreemazamgondal', 'Near chungi no 8,opposite old gegha flour mill, Mandi bahuddin', 'Mandi bahuddin', 'Teacher', 65, '', NULL, 15, '2022-05-10 16:52:10', NULL),
(58, 'Muzamil', 'Faisal', 'male', '03147793947', 'Muzzamil_sheikh120', 'P112 gullshan e hayat', 'Faisalabad ', 'Bussines ', 66, '', NULL, 15, '2022-05-13 17:13:27', NULL),
(59, 'Anisha', 'Aleem', 'female', '03129184852', 'Anisha Aleem', 'VPO kala dev jhelum ', 'Jhelum ', 'Teaching ', 67, '', NULL, 15, '2022-05-13 17:01:29', NULL),
(60, 'Sana', 'Arif', 'female', '03404252356', 'Sana_arif141', '', '', '', 68, '', NULL, 15, '2022-05-13 17:04:10', NULL),
(61, 'Hafsa', 'Hamid', 'female', '03214414173', 'Hafsa Hamid', 'Tricon Corporate Centre, Gulberg 2 Lahore ', 'Lahore ', 'Software Developer ', 69, '', NULL, 15, '2022-05-25 16:34:44', NULL),
(62, 'Sana', 'Ali', 'female', '03029591454', 'Sanaali871', 'Tibba sultan pur tehsil mailsi dist vehari ', 'Vehari', 'Student ', 70, 'No', NULL, 15, '2022-05-13 17:05:35', NULL),
(63, 'Sadia', 'Irfan', 'female', '03047925261', 'Sadia Irfan', 'house no # 30 street no # 02 gulshan e siddique queens road sargodha', 'Sargodha', 'nill', 71, '', NULL, 15, '2022-05-13 17:06:51', NULL),
(64, 'Sana', 'Zahra', 'female', '03496228023', 'Zahrasana512', '', 'Bhakkar ', 'Teacher', 72, '', NULL, 15, '2022-05-14 18:53:20', NULL),
(65, 'Fatima', 'Junaid', 'female', '03216633071', 'Fatima.tufail', 'House 46, street 147, G-13/4', 'ISLAMABAD', 'House wife', 73, '', NULL, 15, '2022-05-13 17:16:19', ''),
(66, 'Rabia', 'Naseem', 'female', '03343180840', 'Rabiaozair', 'B-85 Latifi Cooperative Housing Society, Gulistan-e-Jauhar Block 17', 'Karachi', 'Housewife', 74, 'none', NULL, 45, '2022-06-14 13:38:49', NULL),
(67, 'Syed Ozair', 'Abbas', 'male', '03368027471', 'Ozair Abbas', 'B-85 Latifi Cooperative Housing Society, Gulistan-e-Jauhar Block 17', 'Karachi', 'Software Engineer', 75, '', NULL, 45, '2022-06-14 13:40:01', NULL),
(68, 'Masood ', 'Ur Rehman', 'male', '03243800000', 'Masoodurrehman', 'Multan Cantt', 'Multan', 'Businessman ', 76, '', NULL, 45, '2022-06-12 17:44:08', NULL),
(69, 'Noorulain', 'M sardar ', 'female', '03052687700', 'Noorshar45', 'R79,15A3 buferzone karachi', 'karachi', 'Employee', 77, 'for loss weight', NULL, 0, '2022-05-08 13:44:40', NULL),
(70, 'Pooja', 'Nagpal', 'female', '03337410617', 'Pooja nagpal', '', '', 'Housewife', 78, '', NULL, 15, '2022-05-14 18:46:02', NULL),
(71, 'Iqra', 'Rehman', 'female', '03069660359', 'Iqrarehman0359', 'house no 80 block E model city 1 canal road', 'faislabad ', 'banker', 79, '', NULL, 15, '2022-05-25 16:44:38', NULL),
(72, 'Narmeen', 'Mustafa', 'female', '03224113699', 'Narmeen_javaid', 'B-4 (97/7), Nisar Colony, Lahore Cantt', 'Lahore', 'Housewife', 80, '', NULL, 15, '2022-05-16 17:35:24', NULL),
(73, 'Safyan', 'Rais', 'male', '03216464798', 'Safyan_rais', 'Main bazar near muhafiz market ali pur chattha gujranwala', 'Ali pur chattha', 'Student', 81, 'Want to gain weight ', NULL, 15, '2022-05-23 17:16:20', NULL),
(74, 'Irfah', 'Shahid ', 'female', '03304295544', 'Ifrashahid597', 'Haji pura', 'Sialkot ', 'Student ', 82, 'Find her through diet planner ', NULL, 30, '2022-06-10 17:17:32', NULL),
(75, NULL, NULL, NULL, '03344848526', 'M. r world Blog', NULL, NULL, NULL, 83, NULL, NULL, 0, '2022-05-08 13:44:40', NULL),
(76, NULL, NULL, NULL, '03005107202', 'Mom Daughter Blog', NULL, NULL, NULL, 84, NULL, NULL, 0, '2022-05-08 13:44:40', NULL),
(77, 'Rukhsana', 'Shaheen', 'female', '03155300874', 'Rukhsana Shaheen', NULL, NULL, NULL, 85, NULL, NULL, 15, '2022-05-27 16:35:06', NULL),
(78, 'Attiya ', 'Rahim', 'female', '03404449350', 'Attiya_rahim', 'Shadman 1 in quaters of qomi markazi qabristan near choti market house of imam o khatib qari Saeed A', 'Lahore', 'Studying islamic education ', 86, 'No comments', NULL, 15, '2022-05-25 16:37:16', NULL),
(79, 'Rahat', 'Bhatti ', 'female', '03054967149', 'Huma.sameen', 'House No 306, Mohallah Sharif Pura, Near Railway Station ', 'Ghakhar ', 'House wife', 87, '', NULL, 15, '2022-05-25 16:40:15', NULL),
(80, 'Muhammad Sabih ', '', 'male', '03454164270', 'Sabih_1', 'House no 107-A PUEHS Lahore', 'Lahore', 'Machine learning engineer ', 88, '', NULL, 15, '2022-05-29 15:59:00', ''),
(81, 'Tehlila', 'shayan', 'female', '03326421439', 'Tehlila_shayan', 'P 54 B Kehkashan colony no 1, street no 5, Jaranwala Road', 'Faisalabad', 'Doctor to be', 89, '', NULL, 15, '2022-05-25 16:27:02', NULL),
(82, 'Abdullah', 'Mohammad Akram', 'male', '97477625000', 'Abdullah_akram_94', 'Qatar ', 'Doha old airport ', 'Soldier ', 90, 'Hope for the best', NULL, 30, '2022-06-12 17:44:16', 'My sister in  law'),
(83, 'Mahlika', 'Fatima', 'male', '03056985185', 'Mahlikasheikh', 'Canal view house house number 4', 'Vehari', 'Student', 91, 'I see too much difference to follow the diet chart', NULL, 15, '2022-05-25 16:41:24', 'Mahnoor obaid'),
(84, 'Hira', 'Siddiqui', 'female', '03343886529', 'Hanisiddiqui', '43-10-E PECHS BLOCK 6 NEAR FEROZABAD POLICE STATION', 'KARACHI', 'Executive', 92, '', NULL, 15, '2022-05-25 16:33:15', NULL),
(85, 'Ainab ', 'Asghar ', 'male', '03212634789', 'Ainabasghar', 'Abdullah sports towers qasimabad Hyderabad ', 'Hyderabad ', 'Student ', 93, '', NULL, 15, '2022-05-25 16:39:00', NULL),
(86, 'Hafsa', 'Irfan', 'female', '03223007200', 'Hafsairfan4', 'Askari 2 ', 'sialkot cantt', 'student', 94, 'I wanna loose weight', NULL, 15, '2022-05-27 16:34:23', NULL),
(87, 'Vandana', 'Nair', 'female', '971551060983', 'Vandananairparadeep', 'Dubai, UAE', 'Dubai', 'Commercial ', 95, 'NA', NULL, 15, '2022-05-28 11:21:57', ''),
(88, 'Amna', 'Sadaf', 'female', '03057990876', 'Sadaf Amnah', 'Ch House azeem city gulab ali road haroonabad ', 'Haroonabad ', 'House wife', 96, '', NULL, 15, '2022-05-28 16:18:55', 'My husband '),
(89, 'Sana', 'Javed', 'female', '03451610222', 'Sanajaved', NULL, NULL, NULL, 97, NULL, NULL, 15, '2022-05-27 16:34:57', NULL),
(90, 'Hoorina', 'Danial', 'male', '971508128972', 'Aniroohtahir', '', 'RAK', 'Media influencer ', 98, 'I would love to start my healthy journey with your team ', NULL, 15, '2022-05-30 10:57:31', 'Instagram '),
(91, 'Sana', 'Bhutta', 'female', '03106251073', 'Sana.bhutta.946', 'house no 1347/c18/a shah khurram road outside pak gate Multan', 'Multan', 'None', 99, 'Weight loss', NULL, 30, '2022-06-10 17:14:42', 'No one '),
(92, 'Esha ', 'Rashid', 'female', '03360881913', 'Esharashid233', 'Shamsi society house no 59c ', 'Karachi ', 'Undergraduate ', 100, '', NULL, 30, '2022-06-11 17:14:09', NULL),
(93, 'Tazeem', 'Fatima', 'female', '03131787099', 'Aeyza693', 'Vill.narowali tehsil & district gujrat', 'Gujrat', 'Student', 101, 'Good', NULL, 15, '2022-05-27 16:34:29', NULL),
(94, 'Qundeel', 'Shahrukh', 'female', '03361014024', 'Qundeel.srk', 'House #465 street 8 vip ghouri town islamabad', 'ISLAMABAD', 'House wife ', 102, 'I want to loose my weight specially belly fats', NULL, 15, '2022-05-27 16:34:13', 'From Instagram '),
(95, 'Saliha', 'Tahir', 'female', '03121960921', 'Salihatahir.dar', 'House no 104 cc phase 1 citi housing gujranwala ', 'Gujranwala ', 'Fashion Designer ', 103, 'I want to lose weight as well to stay healthy ', NULL, 15, '2022-05-28 05:19:54', 'No onw'),
(96, 'Sehal', ' Adil', 'female', '03068609133', 'Sella_chaudhary', NULL, NULL, NULL, 104, NULL, NULL, 15, '2022-05-27 16:18:32', NULL),
(97, 'Esha ', 'Choudhary ', 'female', '03186043745', 'eee_shah', 'Arain house pakpattan road across by pass sahiwal ', 'Sahiwal', 'Student ', 105, '', NULL, 30, '2022-06-12 17:44:37', 'Instagram account '),
(98, 'Mariyam ', 'Tarique', 'female', '03179654211', 'Mariyamtarique94', 'Ward#7house#31New colony digri district mirpurkhas near pardeep karyana shop', 'Karachi', 'Doing study', 106, 'Nothing ', NULL, 15, '2022-05-28 16:25:54', NULL),
(99, 'Sana', 'Shahab', 'female', '971562770485', 'Sana.shahab19', 'A-84 first floor Saadi town karachi scheme 33', 'Karachi', 'Housewife', 107, 'Like your profile', NULL, 30, '2022-06-10 17:15:34', 'Online search'),
(100, 'Shumaila', 'Nawaid', 'female', '03218938193', 'Life_ofa_wife', '_', 'Karachi ', 'Blogger', 108, '', NULL, 15, '2022-05-27 16:22:00', 'From a friend '),
(101, 'Syeda', 'Fatima', 'female', '03330244490', 'Fatima_sahab', 'House 27/2 sheet -1, Model Colony', 'Karachi ', 'Teacher/ content writer', 109, 'Comment on?', NULL, 15, '2022-06-03 17:01:10', ''),
(102, 'Maham Ashraf', 'Ashraf ', 'female', '03187889538', 'Maham_ashraf11', 'Daska', 'Daska ', 'Doctor of pharmacy ', 110, 'I think you are a great dietitian ', NULL, 15, '2022-05-30 11:01:36', 'Due to Instagram '),
(103, 'Beenish', 'Azhar', 'female', '03455247442', 'Vintage._existence', 'Ayesha saddiqa hostel rawalakot ', 'Rawalakot ajk', 'Medical student', 111, 'Weight loss ', NULL, 15, '2022-05-29 08:20:51', 'Through a suggestion '),
(104, 'Kanza', 'Malik', 'female', '03000202729', 'Kanza.mlk', 'Defence phase 5 lahore', 'Lahore', 'Cyclist- national champion', 112, 'Need a differentiated plan based on my sports needs and extensive training', NULL, 15, '2022-05-30 11:05:47', ''),
(105, 'Sobia ', 'Sarfaraz', 'female', '03363632243', 'Sobia_sarfaraz', 'T2 B14 Gulshan e Maymar Karachi Pakistan ', 'Karachi ', 'Teacher ', 113, 'Looking forward to lose my weight ', NULL, 15, '2022-05-30 11:25:19', 'I saw it on Instagram '),
(106, 'Maryam', 'Farrukh', 'female', '03472102982', 'Maryam.farrukh.908', 'Mehmoodabad no 6', 'Karachi', 'House wife', 114, '', NULL, 15, '2022-05-30 11:23:59', 'Facebook'),
(107, 'Khizra', '', 'female', '03023200481', 'Khizra_khanzada', 'House no. 94 near sindh karyana double road nawabshah', 'Nawabshah', 'Doctor of physical therapy', 115, 'I am hostler, please plan my diet accordingly', NULL, 15, '2022-05-30 11:15:27', 'Friend'),
(108, 'Malik Zuhair ', 'Anjum', 'male', '03345292900', 'Malik_zuhair_77', 'Circular road near miraj electronic Sialkot ', 'Sialkot ', 'Shop keeper ', 116, '', NULL, 15, '2022-06-03 14:44:53', 'My friend'),
(109, NULL, NULL, NULL, '03342854391', 'Shaestawaheed', NULL, NULL, NULL, 117, NULL, NULL, 0, '2022-05-10 14:32:37', NULL),
(110, 'Laraib ', 'Waheed', 'female', '03028510327', 'Laraib_fatima_111', 'Gcuf new camps old hostel ', 'Fsd', 'Student ', 118, 'I hope for a good journey ', NULL, 15, '2022-05-30 11:26:49', 'Frnd '),
(111, 'Zain ', 'Khan', 'male', '03337233720', 'Mirzainnoonari', 'noonari house near allied bank', 'Thul', 'Student', 119, '', NULL, 15, '2022-05-30 11:18:04', 'Brother'),
(112, 'Esha', 'Asif', 'female', '03238477415', 'E_a_butt', '', 'Lahore', 'Student', 120, '', NULL, 15, '2022-05-30 11:28:29', ''),
(113, 'Sadia ', 'Parveen', 'female', '03004062962', 'Sadiach68479', 'Chak no 102/10R tehsil jahanian district khanewal', 'Jahanian', 'Student', 121, '', NULL, 15, '2022-05-30 11:30:19', 'No one'),
(114, 'Nimra ', 'Aarmin ', 'male', '03075308260', 'Nimr.a9827', '', 'Pirmahal ', '', 122, '', NULL, 30, '2022-06-14 13:36:57', ''),
(124, 'Muqaddasa', 'Zaffer', 'female', '03080817447', 'Room_i3235', 'Kahuta', 'Rawalpindi', 'student', 132, 'My csin recommended u for my weight loss journey and I am sure i will reach my goal.', NULL, 15, '2022-06-03 14:43:34', ''),
(125, 'Hassan ', 'Ali ', 'male', '03459013944', 'Bacha4527', 'Jan sahib mohalla kanju swat', 'Swat', 'Banker ', 133, '', NULL, 15, '2022-06-03 14:41:41', 'Self'),
(126, 'Rimsha', 'Abid', 'female', '03109405551', 'Yasha_abid', 'Gulbhar #4, ijazabad road, garden street, Peshawar', 'Peshawar', 'Student', 134, 'Need a diet plan for weight loss', NULL, 15, '2022-05-30 11:28:59', 'Social media'),
(127, 'Sidra', 'Arshad', 'female', '03030257753', 'Sid_ch_advocate', 'Mohala Gujran Pind Dadan khan district Jhelum', 'Pind Dadan khan', 'Advocate', 135, '', NULL, 15, '2022-06-03 14:40:23', ''),
(128, 'Ayesha', 'Aziz ', 'female', '8328448620', 'Muggleswife', '506 Ellwood Terrace Lane', 'Richmond ', 'Housewife', 136, 'None', NULL, 15, '2022-06-03 17:02:20', 'Instagram '),
(129, 'Ayesha', 'Rizvi', 'female', '15810547244', 'Aysharizvi1408', '', '', '', 137, '', NULL, 15, '2022-06-03 14:38:49', ''),
(130, 'Iqra', 'Tariq', 'female', '03401156664', 'Iqra_tariq55', 'Old Rasool road ', 'Mandi Bahaudin ', 'Teacher ', 138, 'Looking forward to adopt healthy lifestyle hope that diet clinic will be helpful and nice decision.', NULL, 15, '2022-06-16 18:56:34', 'Instagram '),
(131, 'tahleel', 'haider', 'male', '03215654022', 'Tahleel_haider', 'pakistan', 'Islamabad', 'student university final year', 139, '', NULL, 15, '2022-06-03 17:04:01', 'one of my friend '),
(132, 'Laiba ', 'Khan ', 'female', '03009298323', 'Fati.makhan2141', 'Bani gala Islamabad ', 'Islamabad ', 'House wife ', 140, '', NULL, 15, '2022-06-03 17:07:21', 'Maham Naveed '),
(133, NULL, NULL, NULL, '03335847030', 'Waqarfiya', NULL, NULL, NULL, NULL, NULL, NULL, 0, '2022-05-13 17:27:15', NULL),
(134, 'Kibra', 'Waqar', 'female', '03335847030', 'Waqarfiya', '42chrigh park shad bagh lahore', 'Lahore', 'Housewife', 141, 'Want to smart', NULL, 15, '2022-06-03 17:08:38', 'Instagram'),
(135, 'Neelam', 'Shehzadi ', 'female', '447507668677', 'N33lo_far_903', 'M16 8nx', 'Manchester ', 'Un employe', 142, 'No comment yet', NULL, 15, '2022-06-03 17:06:06', ''),
(136, 'Kirshti', 'Lohana', 'female', '03053771263', 'Kirshti_lohana', 'Anmol colony tando Adam', 'Tando Adam ', 'Khana banana', 143, 'Good work', NULL, 0, '2022-05-14 23:53:54', 'My sister '),
(137, 'Faiza', 'Bashir', 'female', '03321140878', 'Faiza_bashir', 'Iqbal road Sunehari masjid ', 'Sialkot ', 'Student', 144, 'I want to reduce weight..... ', NULL, 15, '2022-06-03 17:05:01', 'Through insta'),
(138, 'Maryam ', 'Shareef', 'female', '03042499811', 'Mariam_shareef', 'House num 57 Street num 2 j, Jawad town, Sahiwal ', 'Sahiwal', 'Nurse', 145, '', NULL, 15, '2022-06-04 05:47:28', 'Sister '),
(139, 'Anaya', 'Khan', 'male', '03322065316', 'Anaya Asif', 'House no IA 530,Khanzada Muhallah, Sakrand, Distt SBA', 'Nawabshah', 'Dentist', 146, '', NULL, 15, '2022-06-06 13:45:06', ''),
(140, 'Mrs', 'Zia', 'female', '03054752179', 'Educaitionist', 'Joher town j3 548b block', 'Lahore', 'Housewife', 147, '', NULL, 15, '2022-06-06 13:46:45', ''),
(141, 'Maria', 'Khan', 'female', '03304530003', 'Mmariakhan792', 'Paniala house diyal road', 'Dera ismail khan', 'House wife', 148, '😊', NULL, 15, '2022-06-06 13:50:10', 'My self'),
(142, 'Ali', 'Malik', 'male', '61434199062', 'Ali_maliick', '', 'Lahore', 'Accountant', 149, '', NULL, 15, '2022-06-06 13:48:14', 'Friend'),
(143, 'Mahum', 'Ijaz', 'female', '03343651093', 'Mahumijaz', 'Saddar', 'Karachi', 'Pharmacist', 150, 'Satisfied', NULL, 15, '2022-06-07 14:29:16', 'Friend'),
(144, 'Ahmad', 'Bhaai', 'male', '03214008813', 'Badguy7014', 'Skip', 'Lahore', 'Skip', 151, 'Ok', NULL, 15, '2022-06-08 18:38:37', ''),
(145, 'Hira ', 'Yaqoob ', 'female', '03376035096', 'Hirayaqoob344', 'Rohi bread opposite sultan ghee mill factory vehari road multan', 'Multan ', 'Banker', 152, 'Kindly solve my issues like you did before ', NULL, 15, '2022-06-08 18:46:50', 'Previous client '),
(146, 'Nayab', 'Sajjad', 'female', '03129774449', 'Fatima.sajjad.71271', 'Hazara university district mansehra near patwar khana ', 'Mansehra ', 'House wife', 153, '', NULL, 15, '2022-06-08 18:52:22', ''),
(147, 'Aunia', 'Marva', 'female', '03347142822', 'Aunia_99', 'House no. 435/2, mohallah gohar shah, ayub chowk, jhang', 'JHANG', 'Doctor ', 154, '', NULL, 0, '2022-05-19 04:04:29', ''),
(148, 'Ahmed', 'Ch', 'male', '03167625608', 'N/A', 'jhelum', 'jhelum', 'accountant ', 155, '', NULL, 15, '2022-06-08 18:39:53', 'anishq'),
(149, 'Maimoona', 'Tahir', 'female', '03216222602', 'Saliha', 'House no 104 cc phase 1 citi housing gujranwala ', 'Gujranwala ', 'House wife', 156, '', NULL, 15, '2022-06-08 18:42:07', 'My daughter '),
(150, NULL, NULL, NULL, '03366782867', 'Hasssssiiiii123', NULL, NULL, NULL, NULL, NULL, NULL, 0, '2022-05-17 17:44:04', NULL),
(151, 'Muhammad', 'Hassan', 'male', '03366782867', 'Hasssssiiiii123', 'House no SA #855, street no.2 near mcb bank Sadiqabad branch', 'rawalpindi', 'Electrical engineer', 157, '', NULL, 0, '2022-05-18 04:50:01', 'insta'),
(152, 'Ali Sheraz', 'Bugti', 'male', '03448000876', 'Ali_sheraz67', 'House number 266/N, satellite town.', 'Quetta', 'Engineer', 158, '', NULL, 15, '2022-06-06 13:52:37', 'Randomly on insta'),
(153, 'Saba', 'Mohsin', 'female', '966537392005', 'Baba ki Princess', 'Riyadh KSA', 'Riyadh', 'House wife ', 159, 'I hope i can loose with the help of this platform  . Need a motivator:(', NULL, 15, '2022-06-08 18:44:40', 'Insta '),
(154, 'Zeynab', 'Hayat', 'female', '03239235232', 'Zeynabhayat0', 'House no: 1210, street no: 08, I-10/2 islamabad', 'Islamabad', 'Student', 160, '', NULL, 15, '2022-06-10 16:56:45', 'I looked it up myself'),
(155, 'Ayesha', 'Shahid', 'female', '03469196214', 'Drayesha_shahid', 'House no.33 Street no 2 near girls hostel salar lane Old Bara road university Town Peshawar', 'PESHAWAR', 'Doctor', 161, '', NULL, 15, '2022-06-10 16:57:51', 'Instagram'),
(156, 'Hooria', 'Malik', 'female', '03244397653', 'Hooria Malik', '', 'Lahore', 'Doctor ', 162, '', NULL, 15, '2022-06-10 16:53:30', 'Siblings'),
(157, 'Rootaba', 'Sattar', 'female', '03334594660', 'Rootaba Sattar', 'H no 126 2 A ll Town ship Lahore', 'Lahore', 'Doctor', 163, '', NULL, 15, '2022-06-10 17:00:11', 'Friend'),
(158, 'Mahnoor', 'Tariq', 'female', '03028942953', 'Imahnoor_tariq', 'House no 29 Rahim Street no 6 sanda khurd lhr', 'Lahore', 'Student', 164, 'I anxiously want to gain some weight....looking forward to uh for that purpose', NULL, 0, '2022-05-23 12:38:40', 'Sister'),
(159, NULL, NULL, NULL, '03228830545', 'Blogbyaanaa', NULL, NULL, NULL, 165, NULL, NULL, 0, '2022-05-21 05:00:38', NULL),
(160, 'Maryam', 'Umair', 'female', '03333425686', 'Maryam.umair', 'Flat D-01 rufi lake drive appartments gulistan e johar karachi ', 'Karachi', 'House wife', 166, '', NULL, 15, '2022-06-10 16:59:11', 'My friend'),
(161, 'Maira', 'Mazhar', 'female', '03091546608', 'Mair_a2312', 'House 18/2 B Dilshad Str Shalimar Town Lahore', 'Lahore', 'Student', 167, '..', NULL, 15, '2022-06-10 17:01:29', 'Insta Story'),
(162, 'Samavia', 'Waleed', 'male', '03211133332', 'Aymanwaleed67', '182b tariqstreet karim park lahore', 'Lahore', 'Housewife', 168, '', NULL, 0, '2022-05-23 14:41:54', ''),
(163, 'Areeba ', 'Akram', 'female', '03351086182', 'Areebaakram128', 'Canal city', 'Lahore', 'Biochemist ', 169, '', NULL, 15, '2022-06-14 13:35:05', 'Instagram'),
(164, 'Dr iqra', 'Seyal', 'female', '03312557739', 'Iqra.mazhar.79', 'Pakistan ', 'Multan', 'Doctor ', 170, '', NULL, 15, '2022-06-12 17:44:31', 'Instagrm..and a friend too'),
(165, 'Madiha ', 'Hassan ', 'female', '03009428374', 'Hassansyedmadiha', '3 salik street old Muslim town ', 'Lahore ', 'Housewife', 171, '', NULL, 15, '2022-06-12 17:44:34', 'My daughter Anushka '),
(166, 'Fehmina ', 'Saleem', 'female', '03028601636', 'Minishehzadi', 'P117 Jinnah colony near aysha masjid ', 'Faisalabad ', '', 172, 'Nothing ', NULL, 15, '2022-06-11 17:12:55', 'Instagram '),
(167, 'Aeman', 'Arslan', 'female', '03071911114', 'Arslan.aemen', 'Milat colony st no 10 near one unit colony', 'Bahawalpur', 'House wife', 173, 'After see the result I will comment', NULL, 15, '2022-06-14 13:24:24', 'No one'),
(168, 'Nabeela', 'Saddiqui', 'female', '03352175802', 'Nabeela_saddiqui', '', '', '', 174, '', NULL, 15, '2022-06-14 13:27:10', ''),
(169, NULL, NULL, NULL, '03208302886', '@_esctaticgirl_here.', NULL, NULL, NULL, NULL, NULL, NULL, 0, '2022-05-25 16:13:13', NULL),
(170, 'Sidra', 'Afzal', 'female', '03212643301', '_sidraafzal_', 'D-123 block 5 f.b area', 'Karachi', 'Student', 175, 'Want to lose weight', NULL, 15, '2022-06-14 13:29:08', 'From instagram'),
(171, 'SHEELA ', 'Kumari', 'female', '03022966627', 'Lovelyparrilovelyparri', 'Fougi colony sanghar Road House no. 205 Allah wali Masjid  Nawabshah', 'Nawabshah ', 'House wife ', 176, 'Please benefit  my body  weight lose ', NULL, 15, '2022-06-14 13:31:30', 'Ayesha kumar '),
(172, NULL, NULL, NULL, '03208302886', '@_esctaticgirl_here.', NULL, NULL, NULL, 177, NULL, NULL, 0, '2022-05-25 18:28:48', NULL),
(173, 'Hafza', 'Javaid', 'female', '03208466296', 'Blogsbyhafza', '42-A Allama iqbal road Muhammad nagar Garhi shahu lahore', 'Lahore', 'Job person', 178, '', NULL, 15, '2022-06-17 06:37:41', 'Through Instagram I search by self'),
(174, 'Atiqa', 'Khan', 'male', '03323381070', 'Atiqahere__', 'Bigar colony lyari karachi', 'Karachi', 'Nothing', 179, 'No', NULL, 15, '2022-06-16 05:59:29', 'Insta add'),
(175, NULL, NULL, NULL, '03313689149', 'Abbasmuskan1', NULL, NULL, NULL, 180, NULL, NULL, 0, '2022-05-26 13:43:56', NULL),
(176, 'Arpana', 'Lohana', 'female', '03483683119', 'Arpanaasnani', 'asnani_lohana@live.com', 'Jamshoro hyderabad', 'Student', 181, '', NULL, 15, '2022-06-17 06:47:38', 'Instagram'),
(177, 'Duaa', 'Shakeel', 'female', '03146453300', 'Duamalik._._', 'House no 25/47 A/A1 near daily jhoke saraiki Multan', 'Multan', 'Student', 182, '', NULL, 15, '2022-06-17 06:39:40', ''),
(178, 'Ayesha', 'Akram ', 'female', '97433217474', '_ayeshahae', 'No', 'No', 'Student', 183, 'Very excited and Looking forward to get amazing results ', NULL, 15, '2022-06-17 06:43:35', 'Brother'),
(179, 'Neelam', 'Nisar', 'female', '03429426614', 'Neelam Nisar', 'Swat ', 'Mingora ', 'Nurse. ', 184, 'Saw on Instagram ', NULL, 15, '2022-06-17 06:41:51', 'No one'),
(180, 'Aiman', 'Zahra', 'female', '03143663801', 'Aimanzahra7043', 'house no.435/2,Mohallah Gohar Shah,street dr.Khadim Hussain,Ayub chow,pkka kot road,Jhang sadar.', 'Jhang Sadar', 'Student', 185, '', NULL, 0, '2022-05-27 15:53:19', 'sister'),
(181, 'Abul-Hassan-Ali', 'Hassan Awan', 'male', '03355246646', 'Hassan.awan.12382', 'P.E.C.H.S. BLOCK 6 HOUSE 85L KARACHI', 'KARACHI', 'STUDENT', 186, 'GOOD JOB', NULL, 0, '2022-05-28 10:51:12', ''),
(182, 'Afeefa ', 'Azmat ', 'female', '03155426368', 'Iamak0226', 'Phase 1/st.19, house 419, Ghauri town ', 'Islamabad ', 'Medical Student', 187, 'I am looking forward for your plan.', NULL, 15, '2022-06-17 06:44:36', 'Insta post'),
(183, 'Amna', 'Ashraf', 'female', '03244243998', 'Aamnahch', '228 Chenab Block allama Iqbal Town ', 'Lahore ', 'Professor ', 188, '', NULL, 0, '2022-06-04 06:39:23', 'Through Instagram '),
(184, 'Sadia', 'Saeed', 'female', '03170214221', 'Blogby_sadi', NULL, NULL, NULL, 189, NULL, NULL, 0, '2022-06-02 15:17:50', NULL),
(185, 'Areeba', 'Munawar', 'female', '03035136887', 'Areeba_munawar_25', '123p block lahore road burewala ', 'Burewala ', 'Student ', 190, 'I want to loose my fat and weight to attain ideal weight and so i have choose you ', NULL, 15, '2022-06-17 06:46:28', 'Noone '),
(186, 'Maham', 'Mubarik', 'female', '03195039904', '_mahhii_98', 'House no 11 street no 17 khan street jalal colony sanda khurd Lahore', 'Lahore ', 'Student ', 191, '', NULL, 0, '2022-05-31 10:45:21', ''),
(187, 'Danish', 'Kumar', 'male', '03362845307', 'Ujalakumari29', 'Civil Lines, Cantt, Karachi', 'Karachi', 'Student', 192, '', NULL, 0, '2022-05-31 13:52:44', ''),
(188, 'Ayesha', 'Ahsan', 'female', '03093032507', 'Ayeshakhan_hyderabad', '', '', '', 193, '', NULL, 0, '2022-05-31 08:08:58', ''),
(189, 'Saima', 'Jangir', 'female', '03245464938', 'Saima_jangir', 'Azad Kashmir DIST Mirpur TEH Dadyal P.O.B Potha Banghash Village Potha sher', 'Dadyal', '', 194, '', NULL, 0, '2022-05-31 09:39:39', ''),
(190, 'Yasmin', 'Jahanzaib', 'female', '03216625268', 'Momina_malik1', 'P-22 street no 1, Montgomery bazar Faisalabad ', 'Faisalabad ', 'Housewife', 195, '', NULL, 0, '2022-05-30 17:06:07', 'Social media'),
(191, 'Marium', 'Bhojani', 'female', '03353204351', 'Mariumbhojaniofficial', 'Raghu Dhana st off barness street rajab ali building near Pakistan masjid ranchorline Karachi ', 'Karachi ', 'Fashion designer and blogger ', 196, 'I want to loose my weight ', NULL, 0, '2022-06-02 15:30:54', 'Instagram post'),
(192, 'Kashif', 'Gul Hassan', 'male', '03337359424', 'Kashifgulhasaan', 'Smart City Boys Hostel (Room No. 27) Near New Katarian Market, 6th Road, Satellite Town, Rawalpindi.', 'Rawalpindi', 'Student', 197, '', NULL, 0, '2022-06-01 04:17:28', ''),
(193, 'Saba', 'Hameed', 'female', '03339490681', 'Benimadim.saba_', 'house no Sn1131, street no 5, model.colony, shamsabad, rawalpindi', 'Rawalpindi', 'Bussiness/student ', 198, 'Hope to get amazing results ', NULL, 0, '2022-06-01 12:52:19', ''),
(194, NULL, NULL, NULL, '03338252695', 'Rabia Hanif', NULL, NULL, NULL, 199, NULL, NULL, 0, '2022-05-31 10:46:33', NULL),
(195, 'Nayab', 'Tariq', 'female', '03345136069', 'Nayab_nabii', 'H. No 218A street# 4C Lawyer Colony near Gulzar-e-Quaid Rawalpindi , Rawalpindi', 'Rawalpindi ', 'Government Employees ', 200, '', NULL, 0, '2022-06-02 14:08:58', 'Saw a post of blogger Mainastudio on Instagram '),
(196, 'Sunaina', 'Naveed', 'female', '03218954872', 'Sunaynaa_', 'Gawalmandi Lahore', 'Lahore', 'Customer Assistance Officer At', 201, 'Looking forward for a good Change', NULL, 0, '2022-06-02 15:26:26', 'Instagram post'),
(197, 'Anila', 'Sohail', 'female', '03074384466', 'Aneela Sohail', 'Kehkashan colony', 'Faisalabad ', 'House wife', 202, 'Nothing ', NULL, 0, '2022-06-02 15:29:07', 'My daughter '),
(198, 'Anum ', 'Naeem', 'female', '03024835556', 'Anummughal29', 'House no 52 Shershah block Garden town lahore', 'Lahore', 'Banker', 203, '', NULL, 0, '2022-06-02 17:25:17', ''),
(199, 'aimen', 'jameel', 'female', '03074650505', 'Choudhary Junaid', 'khaiban ameen dahranwala tehseel chistian ', 'Dahranwala', 'student', 204, 'i hope this is great journey', NULL, 0, '2022-06-02 16:52:40', 'friend'),
(200, 'Anas', 'idrees', 'male', '03216500322', 'Arisha_zeeshan', '64 D3 Wapda Town lahore ', 'Lahore', 'Business ', 205, '', NULL, 0, '2022-06-02 17:33:21', 'Sister'),
(201, 'Namitha', 'Selvakumar', 'female', '971547615090', 'Namitha(nami1506)', '', '', 'E-Commerce', 206, '', NULL, 0, '2022-06-04 11:14:38', 'Vandana Nair Pradeep'),
(202, NULL, NULL, NULL, '03352007088', 'Royale__giirl', NULL, NULL, NULL, 207, NULL, NULL, 0, '2022-06-03 06:32:01', NULL),
(203, 'Faria ', 'Kiran ', 'male', '03070329358', 'Faria_kiran', 'Chiragh complex block B flat no 25 latifabad  no 8 hyderabad', 'Hyderabad ', 'Blogger ', 208, '', NULL, 0, '2022-06-09 02:53:25', 'Friend '),
(204, 'Hamid', 'Ali', 'male', '03125254479', 'Hamid.ali_01', 'Rawalpindi ', 'Rawalpindi ', 'Student', 209, 'All good', NULL, 0, '2022-06-04 06:50:59', 'Dietiant mahnoor'),
(205, 'Rida', 'Saad', 'female', '393511500852', 'Ridasaad966', 'village kakewali p/o saddar cantt sialkot', 'sialkot', 'housewife', 210, '', NULL, 0, '2022-06-04 16:04:30', 'me'),
(206, 'Mehwish', 'Khalid', 'female', '03128553969', 'Meshi.malik.7334', 'Mubenaabad albarkat street sihala islamabad', 'Islamabad', 'Teaching', 211, 'I  like the effort and work of dietion', NULL, 0, '2022-06-06 08:48:19', 'I saw on Instagram'),
(207, 'Mehwish', 'Akbar', 'male', '03204105994', 'Mehwishakbar', '45/C Mohni Road Lahore', 'Lahore', 'Student', 212, 'I want to balance my hormones, get rid of acne and have good hair and skin ', NULL, 0, '2022-06-06 06:57:59', 'Instagram '),
(208, 'Shahzeen ', 'Jawaid', 'female', '03422641322', 'Shahzeen_jawaid', '41 e emarket block 6 pechs', 'Karachi', 'Student ', 213, '', NULL, 0, '2022-06-06 06:58:40', 'Instagram '),
(209, 'Qurat ul', 'Ain', 'female', '03205997195', 'Quratfatima8384', 'Gujranwala road mohala Lona park street no 2 darbar wali Gali sheikhupura', 'Sheikhupura', 'Teacher', 214, '', NULL, 0, '2022-06-12 10:54:26', 'Instagram'),
(210, 'Shifa', 'Jabir', 'female', '03103881913', 'Losted_queen_14', 'Wadhu wah qasimabad', 'Hyderabad', 'Student', 215, '', NULL, 0, '2022-06-08 09:36:15', ''),
(211, 'Anam ', 'Ashraf', 'female', '03361048621', 'Ana_malik56', 'Address for Delivering Capsules :Adnan ashraf MohAllah shuja Abad Neka Pura chongi number 8 farooq butt street Shehbaz Trailor k Samny  sialkot pakistan', 'Sialkot ', 'lecturer ', 216, 'None ', NULL, 0, '2022-06-08 18:32:10', ''),
(212, 'Alee', 'Sarang', 'male', '03322617457', 'Alee Sarang', 'House No. 541, Abdullah Garden Phase 2, Qasimabad, Hyderabad, Sindh.', 'Hyderabad', 'Influencer', 217, '', NULL, 0, '2022-06-11 11:44:16', ''),
(213, 'Sahar', 'Ikran', 'female', '03464055506', 'Saharkhan696', '305 Lda avenue lhr', 'Lahore', 'Pharmacist', 218, '', NULL, 0, '2022-06-09 05:34:15', 'Social media'),
(214, 'Hanana', 'Bhatti', 'female', '4915789254891', 'Dadylittle.girl', 'berliner str 181', 'wiesbaden germany', 'house wife', 219, '', NULL, 0, '2022-06-08 17:29:20', 'my cousin'),
(215, NULL, NULL, NULL, '971567917120', 'Jumana.jilfar', NULL, NULL, NULL, 220, NULL, NULL, 0, '2022-06-08 10:44:04', NULL),
(216, 'Natasha ', 'Zeeshan ', 'female', '3045757358', 'Jamat_ali_47', 'Destagir colony street nbr 7 gojra', 'Gojra', 'Housewife', 221, '', NULL, 0, '2022-06-08 17:58:52', ''),
(217, NULL, NULL, NULL, '3008659230', 'Muhammad Asif', NULL, NULL, NULL, 222, NULL, NULL, 0, '2022-06-08 18:13:10', NULL),
(218, 'Aisha', 'Hira', 'female', '3452102385', 'Aishahiraadulqadir', 'C25 Gulshan e zubaida block E north Nazimabad karachi ', 'Karachi ', 'Teacher', 223, '', NULL, 0, '2022-06-11 05:04:00', 'No'),
(219, 'Aneeba', 'Sohaib', 'female', '3170823046', 'Aneebas16', 'G-8/2 islamabad ', 'Islamabad ', 'House wife ', 224, '', NULL, 0, '2022-06-12 19:38:07', 'Instagram blogger'),
(220, NULL, NULL, NULL, '03452102385', 'Aishahiraadulqadir', NULL, NULL, NULL, 225, NULL, NULL, 0, '2022-06-10 07:28:34', NULL),
(221, 'Irum', 'Changez', 'female', '03105283672', 'Awanaw27', 'Main kahota road near cust university mobeenabad Sihala islamabad', 'Islamabad ', 'Housewife ', 226, 'Like your work', NULL, 0, '2022-06-10 11:17:40', 'I saw you on Instagram '),
(222, 'Areeba ', 'Akbar ', 'female', '03336385396', 'Areebaackbar', 'Hashimi street, Toghi road ', 'Quetta', 'Student ', 227, '', NULL, 0, '2022-06-10 13:01:59', 'Found on Instagram '),
(223, NULL, NULL, NULL, '03313067836', 'Tabbasam Sakrani', NULL, NULL, NULL, 228, NULL, NULL, 0, '2022-06-10 12:27:42', NULL),
(224, NULL, NULL, NULL, '971523678569', 'Iammahnoor_', NULL, NULL, NULL, 229, NULL, NULL, 0, '2022-06-10 12:29:29', NULL),
(225, 'Fatima', 'Qaiser', 'female', '447402824833', 'Fatmasz', '3 Oklahoma Boulevard ', 'Warrington, UK', 'Doctor', 230, '', NULL, 0, '2022-06-12 17:51:54', 'N/a'),
(226, 'Anam', 'Javaid', 'female', '971525099779', 'Creamycreationsbyanam', 'Mankhool', 'Dubai', 'IT support engineer ', 231, '', NULL, 0, '2022-06-12 06:43:32', 'None'),
(227, 'Maria', 'Ahmad  khan', 'female', '03498905472', 'Mariaahmadkhan', 'Zarin abad fateh pur tehsil swat District khwazekhela', 'Swat', 'House wife', 232, 'Want to loose weight ', NULL, 0, '2022-06-11 20:43:28', ''),
(228, 'Aruba', 'Waseem', 'female', '03079647760', 'Arubamalik_', 'Gurrah muhallah Mandi Bahauddin', 'Mandi Bahauddin', 'Student', 233, '', NULL, 0, '2022-06-12 10:49:42', 'No reference'),
(229, 'Faiqa', 'Afnan', 'female', '03036408686', 'Afnan_rocky_1', 'Garden Town phase II C block house 48C gujranwala', 'Gujranwala ', 'House wife', 234, '....... ', NULL, 0, '2022-06-12 19:58:17', 'No one '),
(230, 'Asra ', 'Anees', 'female', '03033371100', 'Asraaneesmemon', 'Near shaheed masjid mohalla parewahan therhi district khairpur mirs', 'Khairpur', 'Student', 235, '', NULL, 0, '2022-06-13 14:57:32', 'By insta'),
(231, 'Zarish', 'Abid', 'female', '03224978080', 'Zarishmughal28', 'Villa 31, street 2, al-Sabkha', 'Sharjah ', 'Housewife ', 236, '<3', NULL, 0, '2022-06-13 14:18:50', 'My sister Ramisha Abid'),
(232, 'Sumbal ', 'Ehsan', 'female', '03226092298', 'Sumi_sheikh98', 'House #45 street #40 afzal road sanda kalan Lahore ', 'Lahore ', 'Nothing ', 237, 'Want to lose weight ', NULL, 0, '2022-06-14 17:17:53', 'Watch out on Instagram '),
(233, 'Marium', 'Riaz', 'female', '03315615527', 'Marium_riaz_nawab', '', 'Rawalpindi', 'Doctor', 238, '', NULL, 0, '2022-06-15 04:51:25', 'None'),
(234, 'Rija', 'Sohail', 'female', '03335752261', 'Rija.sohail', 'CUG 10Spring appartments ', 'Islamabad', 'Housewife', 239, 'It will be my first experience with any dietition so i hope for best.', NULL, 0, '2022-06-14 16:28:58', ''),
(235, 'Maha', 'Imran', 'female', '03204897201', 'The_cooking_taste99', 'house # 7, street # 9 chah miran', 'lahore', 'house wifr', 240, 'i want to reduce my wait', NULL, 0, '2022-06-14 13:47:46', 'nobody '),
(236, NULL, NULL, NULL, '03332847377', 'Arham_arham2021', NULL, NULL, NULL, 241, NULL, NULL, 0, '2022-06-14 05:30:13', NULL),
(237, 'faizan', 'naveed', 'male', '03321201800', 'faizan.sheikh375', '324 pak block allama iqbal town', 'lahore', 'employe', 242, '', NULL, 0, '2022-06-14 17:50:59', 'dr anum'),
(238, 'Sadaf', 'Touqeer', 'male', '03450533048', 'Sadaf_Touqeer_', 'VPO Dhoda Teh/distt Chakwal', 'Chakwal', '_', 243, '_', NULL, 0, '2022-06-15 18:15:02', ''),
(239, NULL, NULL, NULL, '03258822746', 'Nimix__07', NULL, NULL, NULL, NULL, NULL, NULL, 0, '2022-06-15 10:38:39', NULL),
(240, 'Sana ', 'Khan', 'female', '03327999844', 'S _.khn', '', 'Quetta', 'Doctor', 244, '', NULL, 0, '2022-06-16 09:01:32', ''),
(241, 'Namra', 'altaf', 'female', '03258822746', 'Nimix__07', 'Muhalla noshahi,village Doga teh/district Gujrat.', 'gujrat', 'student', 245, 'I need your help ... I hope , my weight journey with you ... Will be best☺', NULL, 0, '2022-06-16 05:17:49', 'It was my own decision'),
(242, 'irfana', 'hafeez', 'female', '966569978503', 'Irfana279', 'king abdul aziz medical city، national guard health affairs', 'King Saud Bin Abdul Aziz Unive', 'Lecturer ', 246, '', NULL, 0, '2022-06-17 15:44:28', 'Instagram '),
(243, NULL, NULL, NULL, '03077778419', 'Yousararauf', NULL, NULL, NULL, 247, NULL, NULL, 0, '2022-06-17 13:37:04', NULL);

-- --------------------------------------------------------

--
-- Table structure for table `employee`
--

CREATE TABLE `employee` (
  `employee_id` int(11) NOT NULL,
  `name` varchar(30) DEFAULT NULL,
  `gender` varchar(10) DEFAULT NULL,
  `phone` varchar(20) DEFAULT NULL,
  `login_id` int(11) DEFAULT NULL,
  `CreatedOrModified` timestamp NOT NULL DEFAULT current_timestamp() ON UPDATE current_timestamp()
) ENGINE=InnoDB DEFAULT CHARSET=latin1;

--
-- Dumping data for table `employee`
--

INSERT INTO `employee` (`employee_id`, `name`, `gender`, `phone`, `login_id`, `CreatedOrModified`) VALUES
(1, 'Usman', 'male', NULL, 3, '2022-05-08 13:44:40'),
(2, 'Warda', 'female', NULL, 4, '2022-05-08 13:44:40'),
(3, 'Noman', 'male', NULL, 5, '2022-05-08 13:44:40'),
(4, 'Ishaam', 'female', NULL, 6, '2022-05-08 13:44:40'),
(5, 'Mahnoor', 'female', NULL, 7, '2022-05-08 13:44:40');

-- --------------------------------------------------------

--
-- Table structure for table `feedbacks`
--

CREATE TABLE `feedbacks` (
  `feedback_id` int(11) NOT NULL,
  `description` varchar(1000) DEFAULT NULL,
  `client_id` int(11) DEFAULT NULL,
  `CreatedOrModified` timestamp NOT NULL DEFAULT current_timestamp() ON UPDATE current_timestamp()
) ENGINE=InnoDB DEFAULT CHARSET=latin1;

-- --------------------------------------------------------

--
-- Table structure for table `log`
--

CREATE TABLE `log` (
  `entry_time` datetime DEFAULT NULL,
  `description` varchar(1000) DEFAULT NULL,
  `changes_made_by` varchar(50) DEFAULT NULL,
  `CreatedOrModified` timestamp NOT NULL DEFAULT current_timestamp() ON UPDATE current_timestamp()
) ENGINE=InnoDB DEFAULT CHARSET=latin1;

-- --------------------------------------------------------

--
-- Table structure for table `login`
--

CREATE TABLE `login` (
  `login_id` int(11) NOT NULL,
  `email` varchar(30) DEFAULT NULL,
  `password` varchar(300) DEFAULT NULL,
  `type` varchar(30) DEFAULT NULL,
  `CreatedOrModified` timestamp NOT NULL DEFAULT current_timestamp() ON UPDATE current_timestamp()
) ENGINE=InnoDB DEFAULT CHARSET=latin1;

--
-- Dumping data for table `login`
--

INSERT INTO `login` (`login_id`, `email`, `password`, `type`, `CreatedOrModified`) VALUES
(1, 'tanzeel', 'tanzeel@123', 'admin', '2022-05-08 13:44:40'),
(2, 'obaid', 'abc12345', 'admin', '2022-05-08 13:44:40'),
(3, 'usman', 'Usm@n', 'staff', '2022-05-08 13:44:40'),
(4, 'warda', 'warda12345', 'staff', '2022-05-08 13:44:40'),
(5, 'noman', 'noman123', 'staff', '2022-05-08 13:44:40'),
(6, 'ishaam', 'ishaam123', 'staff', '2022-05-08 13:44:40'),
(7, 'mahnoor', 'mahnoor123', 'staff', '2022-05-08 13:44:40'),
(10, '03136731684', '03136731684', 'client', '2022-05-08 13:44:40'),
(11, '03314957737', '03314957737', 'client', '2022-05-08 13:44:40'),
(12, '03320073983', '03320073983', 'client', '2022-05-08 13:44:40'),
(13, '03066424199', 'aryannaveed', 'client', '2022-05-08 13:44:40'),
(14, '03466946713', '03466946713', 'client', '2022-05-08 13:44:40'),
(15, '821068054698', '821068054698', 'client', '2022-05-08 13:44:40'),
(16, '03219417040', '03219417040', 'client', '2022-05-08 13:44:40'),
(17, '03125031700', '03125031700', 'client', '2022-05-08 13:44:40'),
(18, '03004181924', '03004181924', 'client', '2022-05-08 13:44:40'),
(19, '03150095092', '03150095092', 'client', '2022-05-08 13:44:40'),
(20, '03175044469', '03175044469', 'client', '2022-05-08 13:44:40'),
(21, '03348773429', '03348773429', 'client', '2022-05-08 13:44:40'),
(22, '03321764428', '03321764428', 'client', '2022-05-08 13:44:40'),
(23, '03464556840', '03464556840', 'client', '2022-05-08 13:44:40'),
(24, '03224191603', '03229243090', 'client', '2022-05-08 13:44:40'),
(25, '03102183343', '03102183343', 'client', '2022-05-08 13:44:40'),
(26, '03436343765', '03436343765', 'client', '2022-05-08 13:44:40'),
(27, '03459518900', '03459518900', 'client', '2022-05-08 13:44:40'),
(28, '03367014316', '03367014316', 'client', '2022-05-08 13:44:40'),
(29, '03343565582', 'Senorita10', 'client', '2022-05-08 13:44:40'),
(30, '03024847597', '03024847597', 'client', '2022-05-08 13:44:40'),
(31, '03452399587', 'sarmadkhan', 'client', '2022-05-08 13:44:40'),
(32, '03315700248', 'ashbajaved123', 'client', '2022-05-08 13:44:40'),
(33, '03102364347', 'aliasghar', 'client', '2022-05-08 13:44:40'),
(34, '03236320946', '03236320946', 'client', '2022-05-08 13:44:40'),
(35, '+33627197954‬', '+33627197954‬', 'client', '2022-05-08 13:44:40'),
(36, '03247730523', 'amaltas85', 'client', '2022-05-08 13:44:40'),
(37, '03070805844', 'Sarwar36', 'client', '2022-05-08 13:44:40'),
(38, '03069168365', '03069168365', 'client', '2022-05-08 13:44:40'),
(39, '03262722226', 'ashraf18', 'client', '2022-05-08 13:44:40'),
(40, '03054299914', 'Aleenasrk1993', 'client', '2022-05-08 13:44:40'),
(41, '03305414415', 'Iqra9988', 'client', '2022-05-08 13:44:40'),
(42, '03203161833', '03203161833', 'client', '2022-05-08 13:44:40'),
(43, '03000623008', 'saleem1', 'client', '2022-05-08 13:44:40'),
(44, '03338989625', 'ammarah98', 'client', '2022-05-08 13:44:40'),
(45, '03021498760', '03021498760', 'client', '2022-05-08 13:44:40'),
(46, '03435556347', '623442', 'client', '2022-05-08 13:44:40'),
(47, '03335426353', '115237', 'client', '2022-05-08 13:44:40'),
(48, '03315450392', '5450392', 'client', '2022-05-08 13:44:40'),
(49, '03336882522', '567890', 'client', '2022-05-08 13:44:40'),
(50, '971523744166', '971523744166', 'client', '2022-05-08 13:44:40'),
(51, '03090601633', 'Noorijaz123', 'client', '2022-05-08 13:44:40'),
(52, '03204478129', 'Fathima00', 'client', '2022-05-08 13:44:40'),
(53, '03153512677', '03153512677', 'client', '2022-05-08 13:44:40'),
(54, '03144049000', 'embellish04', 'client', '2022-05-08 13:44:40'),
(55, '15713318670', 'UST2prons', 'client', '2022-05-08 13:44:40'),
(56, '03022327904', '42201', 'client', '2022-05-08 13:44:40'),
(57, '03099197825', 'abc12345', 'client', '2022-05-08 13:44:40'),
(58, '03148005435', 'AllahaIs1', 'client', '2022-05-08 13:44:40'),
(59, '03172122371', 'khan756', 'client', '2022-05-08 13:44:40'),
(60, '03039756743', 'Madiha7878', 'client', '2022-05-08 13:44:40'),
(61, '03479612485', '03479612485', 'client', '2022-05-08 13:44:40'),
(62, '03340035801', 'genious12', 'client', '2022-05-08 13:44:40'),
(63, '03337980869', 'laptop508', 'client', '2022-05-08 13:44:40'),
(64, '03441369229', 'vicky007', 'client', '2022-05-08 13:44:40'),
(65, '03348087807', 'adeel', 'client', '2022-05-08 13:44:40'),
(66, '03147793947', 'lonely000', 'client', '2022-05-08 13:44:40'),
(67, '03129184852', 'allah000', 'client', '2022-05-08 13:44:40'),
(68, '03404252356', '', 'client', '2022-05-08 13:44:40'),
(69, '03214414173', 'bop123', 'client', '2022-05-08 13:44:40'),
(70, '03029591454', 'pakistan1122@', 'client', '2022-05-08 13:44:40'),
(71, '03047925261', '03047925261', 'client', '2022-05-08 13:44:40'),
(72, '03496228023', 'sana123', 'client', '2022-05-08 13:44:40'),
(73, '03216633071', '03216633071', 'client', '2022-05-08 13:44:40'),
(74, '03343180840', 'falcon337', 'client', '2022-05-08 13:44:40'),
(75, '03368027471', 'falcon337', 'client', '2022-05-08 13:44:40'),
(76, '03243800000', 'Hello123', 'client', '2022-05-08 13:44:40'),
(77, '03052687700', '12345678', 'client', '2022-05-08 13:44:40'),
(78, '03337410617', '', 'client', '2022-05-08 13:44:40'),
(79, '03069660359', 'Iqra@1234', 'client', '2022-05-08 13:44:40'),
(80, '03224113699', 'najoom', 'client', '2022-05-08 13:44:40'),
(81, '03216464798', 'rais6464', 'client', '2022-05-08 13:44:40'),
(82, '03304295544', 'irfa1234', 'client', '2022-05-08 13:44:40'),
(83, '03344848526', '03344848526', 'client', '2022-05-08 13:44:40'),
(84, '03005107202', '03005107202', 'client', '2022-05-08 13:44:40'),
(85, '03155300874', '03155300874', 'client', '2022-05-08 13:44:40'),
(86, '03404449350', '03404449350', 'client', '2022-05-08 13:44:40'),
(87, '03054967149', '123456', 'client', '2022-05-08 13:44:40'),
(88, '03454164270', 'Ronaldo12345678', 'client', '2022-05-08 13:44:40'),
(89, '03326421439', '03326421439', 'client', '2022-05-08 13:44:40'),
(90, '97477625000', '12345678', 'client', '2022-05-09 16:14:11'),
(91, '03056985185', '456000', 'client', '2022-05-08 13:44:40'),
(92, '03343886529', '6529hirasiddiqui', 'client', '2022-05-08 13:44:40'),
(93, '03212634789', 'ainab4789', 'client', '2022-05-08 13:44:40'),
(94, '03223007200', 'Hafsa2004', 'client', '2022-05-08 13:44:40'),
(95, '971551060983', 'YugandTej09$', 'client', '2022-05-09 08:18:13'),
(96, '03057990876', '03057990876', 'client', '2022-05-08 13:44:40'),
(97, '03451610222', 'Bank@123', 'client', '2022-05-08 13:44:40'),
(98, '971508128972', '971508128972H', 'client', '2022-05-08 16:04:08'),
(99, '03106251073', 'sana12345', 'client', '2022-05-08 13:44:40'),
(100, '03360881913', 'esharashid23', 'client', '2022-05-08 13:44:40'),
(101, '03131787099', 'naina00000', 'client', '2022-05-08 13:44:40'),
(102, '03361014024', '03361014024', 'client', '2022-05-08 13:44:40'),
(103, '03121960921', 'saliha12345', 'client', '2022-05-08 13:44:40'),
(104, '03068609133', 'sehaladil', 'client', '2022-05-08 13:44:40'),
(105, '03186043745', 'eshachoudhary', 'client', '2022-05-08 16:16:53'),
(106, '03179654211', 'electrical123', 'client', '2022-05-08 13:44:40'),
(107, '971562770485', 'Aa112233445566', 'client', '2022-05-08 19:17:58'),
(108, '03218938193', 'diet123', 'client', '2022-05-09 13:55:38'),
(109, '03330244490', 'kaneezfatima', 'client', '2022-05-09 08:13:26'),
(110, '03187889538', '03187889538', 'client', '2022-05-09 16:22:39'),
(111, '03455247442', '03455247442ba', 'client', '2022-05-09 16:55:18'),
(112, '03000202729', 'rania123', 'client', '2022-05-10 14:13:24'),
(113, '03363632243', 'sobia ', 'client', '2022-05-10 16:43:19'),
(114, '03472102982', 'MARYAM1@', 'client', '2022-05-10 16:31:41'),
(115, '03023200481', 'khanzada777', 'client', '2022-05-11 04:33:54'),
(116, '03345292900', '03111928471', 'client', '2022-05-13 16:26:21'),
(117, '03342854391', '03342854391', 'client', '2022-05-10 14:32:37'),
(118, '03028510327', 'laraibwah1234', 'client', '2022-05-11 17:14:59'),
(119, '03337233720', 'Pakistan10', 'client', '2022-05-11 07:12:49'),
(120, '03238477415', '16122001E', 'client', '2022-05-10 19:44:15'),
(121, '03004062962', 'sadiach76041', 'client', '2022-05-11 14:30:18'),
(122, '03075308260', '03075408260', 'client', '2022-05-12 08:13:53'),
(132, '03080817447', 'Muqi#456', 'client', '2022-05-13 03:56:39'),
(133, '03459013944', 'Hassan@123', 'client', '2022-05-13 18:37:26'),
(134, '03109405551', '060197', 'client', '2022-05-13 13:09:58'),
(135, '03030257753', 'sidraumar123', 'client', '2022-05-13 11:40:40'),
(136, '8328448620', 'ayesha1994', 'client', '2022-05-14 03:51:58'),
(137, '15810547244', 'aysha1234', 'client', '2022-05-13 12:53:56'),
(138, '03401156664', 'Ibbi@123', 'client', '2022-05-13 18:03:17'),
(139, '03215654022', '..c++111', 'client', '2022-05-13 19:46:39'),
(140, '03009298323', '03009298323', 'client', '2022-05-13 17:25:27'),
(141, '03335847030', '03335847030', 'client', '2022-05-13 18:00:03'),
(142, '447507668677', 'neelo129246', 'client', '2022-05-14 19:47:02'),
(143, '03053771263', '03053771263', 'client', '2022-05-14 16:01:48'),
(144, '03321140878', 'faiza111', 'client', '2022-05-14 18:10:31'),
(145, '03042499811', '', 'client', '2022-06-04 05:56:33'),
(146, '03322065316', 'kinza1234', 'client', '2022-05-16 05:49:47'),
(147, '03054752179', 'abc123', 'client', '2022-05-16 10:42:00'),
(148, '03304530003', 'maria17', 'client', '2022-05-17 08:59:24'),
(149, '61434199062', 'Alpha12.', 'client', '2022-05-17 08:05:17'),
(150, '03343651093', 'wycctctwycctct', 'client', '2022-05-16 12:51:14'),
(151, '03214008813', '', 'client', '2022-05-17 17:09:36'),
(152, '03376035096', 'Hy*6035096', 'client', '2022-05-17 16:47:15'),
(153, '03129774449', 'nayabsajjad', 'client', '2022-05-18 05:30:55'),
(154, '03347142822', 'aunia123', 'client', '2022-05-18 04:46:22'),
(155, '03167625608', 'ahmed00', 'client', '2022-05-20 13:10:27'),
(156, '03216222602', '03216222602', 'client', '2022-05-17 16:48:02'),
(157, '03366782867', 'Pakistan122', 'client', '2022-05-18 04:49:25'),
(158, '03448000876', 'runnerup123', 'client', '2022-05-18 16:11:45'),
(159, '966537392005', '966537392005', 'client', '2022-05-18 06:52:48'),
(160, '03239235232', 'Euphoria888', 'client', '2022-05-19 09:00:53'),
(161, '03469196214', 'dietclinic', 'client', '2022-05-21 12:47:35'),
(162, '03244397653', 'Amazing.1', 'client', '2022-05-22 05:43:41'),
(163, '03334594660', 'barki', 'client', '2022-05-21 21:35:08'),
(164, '03028942953', 'dabeermustafa', 'client', '2022-05-23 12:35:02'),
(165, '03228830545', '03228830545', 'client', '2022-05-21 05:00:38'),
(166, '03333425686', '', 'client', '2022-05-23 08:41:04'),
(167, '03091546608', 'mairahsan23124', 'client', '2022-05-22 10:59:36'),
(168, '03211133332', 'samaviawaleed67', 'client', '2022-05-23 13:34:30'),
(169, '03351086182', 'areeba5', 'client', '2022-05-23 05:59:01'),
(170, '03312557739', '', 'client', '2022-05-24 13:58:16'),
(171, '03009428374', '', 'client', '2022-05-23 16:48:54'),
(172, '03028601636', '03028601636', 'client', '2022-05-23 10:33:59'),
(173, '03071911114', '03319747590', 'client', '2022-05-25 06:50:15'),
(174, '03352175802', '', 'client', '2022-05-25 18:09:30'),
(175, '03212643301', 'sidra123', 'client', '2022-05-26 15:44:21'),
(176, '03022966627', 'Varsha123', 'client', '2022-05-26 11:06:36'),
(177, '03208302886', '03208302886', 'client', '2022-05-25 18:28:48'),
(178, '03208466296', 'mustafa776', 'client', '2022-05-26 10:55:48'),
(179, '03323381070', '03323381070', 'client', '2022-05-26 11:01:39'),
(180, '03313689149', '03313689149', 'client', '2022-05-26 13:43:56'),
(181, '03483683119', '03363951276', 'client', '2022-05-27 07:26:02'),
(182, '03146453300', 'duaamalik', 'client', '2022-05-27 10:49:35'),
(183, '97433217474', 'goldenring', 'client', '2022-05-27 13:56:34'),
(184, '03429426614', '03429426614', 'client', '2022-05-27 10:48:01'),
(185, '03143663801', '03143663801', 'client', '2022-05-27 11:56:06'),
(186, '03355246646', 'AWAN143', 'client', '2022-05-28 07:19:55'),
(187, '03155426368', 'dietplan', 'client', '2022-05-28 07:32:01'),
(188, '03244243998', 'zohan22', 'client', '2022-06-04 06:38:03'),
(189, '03170214221', '03170214221', 'client', '2022-05-28 10:05:33'),
(190, '03035136887', 'areeba25', 'client', '2022-05-30 10:24:41'),
(191, '03195039904', 'maham123', 'client', '2022-05-30 01:13:06'),
(192, '03362845307', 'Da ish123', 'client', '2022-05-31 13:52:20'),
(193, '03093032507', 'Ahsankhan', 'client', '2022-05-30 11:17:51'),
(194, '03245464938', 'saimajangir02', 'client', '2022-05-31 09:37:50'),
(195, '03216625268', 'khhmom', 'client', '2022-05-30 17:05:03'),
(196, '03353204351', 'Yobidym1', 'client', '2022-06-02 15:29:57'),
(197, '03337359424', '', 'client', '2022-06-01 04:15:47'),
(198, '03339490681', 'Frfrhh123', 'client', '2022-06-01 12:23:09'),
(199, '03338252695', '03338252695', 'client', '2022-05-31 10:46:33'),
(200, '03345136069', 'dietplannayab', 'client', '2022-06-01 04:49:41'),
(201, '03218954872', 'Lahore2022', 'client', '2022-06-02 15:25:04'),
(202, '03074384466', '03074384466', 'client', '2022-06-02 02:53:36'),
(203, '03024835556', 'anum-7448', 'client', '2022-06-02 17:03:19'),
(204, '03074650505', '03074650505', 'client', '2022-06-02 14:58:06'),
(205, '03216500322', 'Anus6500', 'client', '2022-06-02 17:32:40'),
(206, '971547615090', 'Geesel66#', 'client', '2022-06-03 16:22:26'),
(207, '03352007088', '03352007088', 'client', '2022-06-03 06:32:01'),
(208, '03070329358', '03070329358', 'client', '2022-06-03 16:40:49'),
(209, '03125254479', '03125254479', 'client', '2022-06-03 18:41:25'),
(210, '393511500852', 'tmpkusr.rs.17', 'client', '2022-06-04 10:29:53'),
(211, '03128553969', 'mehwish00', 'client', '2022-06-06 06:57:33'),
(212, '03204105994', 'diet123diet', 'client', '2022-06-06 06:01:36'),
(213, '03422641322', 'dante@f12', 'client', '2022-06-06 03:52:14'),
(214, '03205997195', 'aniedietplan', 'client', '2022-06-12 10:53:13'),
(215, '03103881913', 'shifabaloch', 'client', '2022-06-08 09:23:55'),
(216, '03361048621', 'anamashraf786', 'client', '2022-06-08 18:27:51'),
(217, '03322617457', 'sarang123', 'client', '2022-06-10 16:15:49'),
(218, '03464055506', 'arslanaziz696', 'client', '2022-06-09 05:33:29'),
(219, '4915789254891', 'wiyb555.', 'client', '2022-06-08 17:27:59'),
(220, '971567917120', '971567917120', 'client', '2022-06-08 10:44:04'),
(221, '3045757358', '224488', 'client', '2022-06-08 17:57:34'),
(222, '3008659230', '3008659230', 'client', '2022-06-08 18:13:10'),
(223, '3452102385', 'ah110486', 'client', '2022-06-10 08:48:01'),
(224, '3170823046', 'ibrahim', 'client', '2022-06-10 16:30:32'),
(225, '03452102385', '03452102385', 'client', '2022-06-10 07:28:34'),
(226, '03105283672', '03115006344', 'client', '2022-06-10 11:15:20'),
(227, '03336385396', '*before_the*229', 'client', '2022-06-10 12:29:36'),
(228, '03313067836', '03313067836', 'client', '2022-06-10 12:27:42'),
(229, '971523678569', '971523678569', 'client', '2022-06-10 12:29:29'),
(230, '447402824833', 'Summer2022', 'client', '2022-06-12 17:46:15'),
(231, '971525099779', 'asnnmm12@', 'client', '2022-06-12 06:27:04'),
(232, '03498905472', '15402', 'client', '2022-06-11 11:22:59'),
(233, '03079647760', '03079647760', 'client', '2022-06-12 05:37:17'),
(234, '03036408686', 'faiqa12345', 'client', '2022-06-12 19:57:18'),
(235, '03033371100', 'asraanees123', 'client', '2022-06-13 14:56:39'),
(236, '03224978080', 'awaiszarish1121', 'client', '2022-06-13 13:33:25'),
(237, '03226092298', '03226092298', 'client', '2022-06-13 17:30:27'),
(238, '03315615527', '6446', 'client', '2022-06-15 04:50:42'),
(239, '03335752261', '1989', 'client', '2022-06-14 10:45:29'),
(240, '03204897201', '03104897201', 'client', '2022-06-14 14:02:02'),
(241, '03332847377', '03332847377', 'client', '2022-06-14 05:30:13'),
(242, '03321201800', '03321201800', 'client', '2022-06-14 07:10:31'),
(243, '03450533048', '12sadaf12', 'client', '2022-06-15 18:08:42'),
(244, '03327999844', 'sanay2diet', 'client', '2022-06-15 16:51:59'),
(245, '03258822746', '03258822746', 'client', '2022-06-15 17:26:40'),
(246, '966569978503', 'diet2022', 'client', '2022-06-17 15:43:06'),
(247, '03077778419', '03077778419', 'client', '2022-06-17 13:37:04');

-- --------------------------------------------------------

--
-- Table structure for table `medical_diagnosis`
--

CREATE TABLE `medical_diagnosis` (
  `diagnosis_no` int(11) NOT NULL,
  `food_choices` varchar(300) DEFAULT NULL,
  `current_medication` varchar(300) DEFAULT NULL,
  `food_allergies` varchar(300) DEFAULT NULL,
  `diseases` varchar(300) DEFAULT NULL,
  `get_up_time` time DEFAULT NULL,
  `sleep_time` time DEFAULT NULL,
  `physical_activity` int(11) DEFAULT NULL,
  `client_id` int(11) DEFAULT NULL,
  `CreatedOrModified` timestamp NOT NULL DEFAULT current_timestamp() ON UPDATE current_timestamp()
) ENGINE=InnoDB DEFAULT CHARSET=latin1;

--
-- Dumping data for table `medical_diagnosis`
--

INSERT INTO `medical_diagnosis` (`diagnosis_no`, `food_choices`, `current_medication`, `food_allergies`, `diseases`, `get_up_time`, `sleep_time`, `physical_activity`, `client_id`, `CreatedOrModified`) VALUES
(1, 'Sab kha leti hon', 'Joints bones pain+ anti depres', 'Garam yaseer wali cheezon se p', 'Depression+piles+joints bones ', '21:59:00', '13:00:00', 30, 5, '2022-05-08 13:44:40'),
(2, 'Meat or chicken desi item', 'No', 'No', 'Skin disease pimples', '20:00:00', '03:00:00', 15, 16, '2022-05-08 13:44:40'),
(3, 'Fruits, vegetables', 'None', 'Things that cause gas', 'Stomach issue, Gas and acidity', '07:00:00', '02:00:00', 45, 15, '2022-05-08 13:44:40'),
(4, 'Healthy homemade food', 'None', 'None', 'None', '05:30:00', '01:00:00', 15, 10, '2022-05-08 13:44:40'),
(5, 'Healthy homemade food', 'Go uric, Rovista,co-rziday, so', 'None', 'Uric acid, high BP, cholestero', '10:15:00', '23:30:00', 15, 8, '2022-05-08 13:44:40'),
(6, 'Healthy homemade food', 'None', 'None', 'None', '10:00:00', '00:00:00', 15, 6, '2022-05-08 13:44:40'),
(7, '', 'Nexum', 'Milk', 'Stomach acidity', '11:51:00', '00:00:00', 15, 11, '2022-05-08 13:44:40'),
(8, 'Fond of carbs', 'None', 'None', 'None', '07:15:00', '00:30:00', 45, 12, '2022-05-08 13:44:40'),
(9, 'Tea, biscuits, fast food', 'None', 'None', 'None', '11:30:00', '01:00:00', 30, 2, '2022-05-08 13:44:40'),
(10, 'Chicken and Soft Drinks', 'No', 'CauliFlower and Eggplant', 'Not any ', '01:00:00', '03:00:00', 15, 21, '2022-05-08 13:44:40'),
(11, 'Fast food specially burgers, P', 'No', 'No', 'No', '14:00:00', '06:00:00', 15, 22, '2022-05-08 13:44:40'),
(12, 'Kch cheezyn hyn jo me blkul nh', 'No', 'Nope', 'No', '23:00:00', '14:00:00', 45, 19, '2022-05-08 13:44:40'),
(13, 'Like eggs', 'No', 'No', 'High cholesterol, obesity', '07:00:00', '23:30:00', 30, 7, '2022-05-08 13:44:40'),
(14, 'Alott of junk', 'None', 'None', 'None', '06:32:00', '23:30:00', 15, 20, '2022-05-08 13:44:40'),
(15, '', '', '', '', '00:00:00', '00:00:00', 0, 18, '2022-05-08 13:44:40'),
(16, '', '', '', '', '00:00:00', '00:00:00', 0, 17, '2022-05-08 13:44:40'),
(17, 'Chiken beaf vegetable  all and', 'No', 'No', '', '03:30:00', '22:00:00', 120, 23, '2022-05-08 13:44:40'),
(18, 'NOT SPECIFIC', 'NIL', 'NIL', 'NIL', '07:00:00', '12:00:00', 30, 24, '2022-05-08 13:44:40'),
(19, 'All thing such as fruits,veggi', 'No but i have constipation iss', 'No', 'No', '10:00:00', '01:00:00', 30, 25, '2022-05-08 13:44:40'),
(20, '', 'NA', 'NA', 'NA', '08:45:00', '21:00:00', 15, 29, '2022-05-08 13:44:40'),
(21, 'All spicy food', 'No one', 'No ', 'No', '05:00:00', '22:30:00', 15, 30, '2022-05-08 13:44:40'),
(22, 'Can eat any type of food, espe', 'Softin OD, Montika, Hivate nas', 'Nil ', 'Asthama, Small Renal calculus ', '07:15:00', '23:30:00', 15, 28, '2022-05-08 13:44:40'),
(23, 'Fruits and vegetables little b', 'I I am used Orthopaedic doctor', 'Nothing', 'Sometimes to make issues of st', '06:00:00', '00:07:00', 45, 26, '2022-05-08 13:44:40'),
(24, 'Non vegetarian ', 'Nope', 'Nope', 'No', '09:00:00', '02:00:00', 30, 31, '2022-05-08 13:44:40'),
(25, 'Anything ', 'Nothing ', 'Nothing ', 'Hormones imbalance ', '10:00:00', '00:00:00', 15, 32, '2022-05-08 13:44:40'),
(26, '', 'None', 'Warm effect', 'None', '20:35:00', '13:00:00', 15, 36, '2022-05-08 13:44:40'),
(27, 'Everything ', 'Nothing ', 'No', 'PCOS ', '07:00:00', '11:00:00', 15, 38, '2022-06-01 08:32:50'),
(28, 'Anything', 'Glucophage', 'Nothing', 'Harmonal problem facial hairs', '09:00:00', '01:30:00', 45, 35, '2022-05-08 13:44:40'),
(29, '', '', '', '', '00:00:00', '05:30:00', 15, 37, '2022-05-08 13:44:40'),
(30, 'everything ', 'suger ', 'No', 'no', '13:25:00', '05:25:00', 15, 34, '2022-05-08 13:44:40'),
(31, 'Homemade sb kuch', 'No', 'No', 'No', '08:30:00', '23:00:00', 15, 40, '2022-05-08 13:44:40'),
(32, ' I love to eat Fruits 😋 ', 'Yaz and glucophage.. as recomm', 'No', 'PCOS', '05:30:00', '00:00:00', 15, 41, '2022-05-08 13:44:40'),
(33, 'Fast food', 'No', 'No', 'Body pain, constipation, ', '07:00:00', '11:00:00', 60, 43, '2022-05-08 13:44:40'),
(34, '', 'Mabil, Resvital Platinum ', '', '', '10:01:00', '00:31:00', 15, 39, '2022-05-08 13:44:40'),
(35, 'Dnt like some of vegetables ', 'Pregma conception.zolid 30mg. ', 'No', 'Struggling to get pregnant. Sh', '14:00:00', '05:00:00', 15, 44, '2022-05-08 13:44:40'),
(36, 'Eth', 'Nth', 'Still not', 'No', '03:00:00', '05:00:00', 15, 45, '2022-05-08 13:44:40'),
(37, 'Any thing ', 'No meditation ', 'No', 'No', '22:16:00', '13:00:00', 15, 42, '2022-05-08 13:44:40'),
(38, 'Eat everything', 'No', 'Empty stomach yogurt', 'No', '05:30:00', '23:30:00', 15, 48, '2022-05-08 13:44:40'),
(39, 'Healthy', 'No', 'No', 'No', '18:00:00', '21:55:00', 15, 52, '2022-05-08 13:44:40'),
(40, 'Vegi , fruit', 'No', 'No', 'No', '22:30:00', '15:00:00', 60, 51, '2022-05-08 13:44:40'),
(41, '', '', '', '', '00:00:00', '00:00:00', 0, 47, '2022-05-08 13:44:40'),
(42, 'Sugary and bakery items.', 'Pcos ', 'Nothing.', 'Pcos.', '14:00:00', '03:00:00', 30, 53, '2022-05-08 13:44:40'),
(43, 'Meat lover', 'Nothing', 'Nothing', 'Suffered from hepatits c but c', '07:00:00', '23:56:00', 45, 54, '2022-05-08 13:44:40'),
(44, 'Without fruit and fresh juices', 'Surbex , evion ', 'Non', 'Non', '08:00:00', '00:00:00', 15, 55, '2022-05-08 13:44:40'),
(45, 'Rooti salan. Fruit. juices . R', 'No. I m healthy Alhamdulillah ', 'No', 'No', '06:00:00', '23:55:00', 15, 56, '2022-05-08 13:44:40'),
(46, 'Juicy fruits', 'Not as such...but i takes stom', 'Citrus food due to sinus', 'Blaoting,gas ,constipation ,so', '15:47:00', '22:00:00', 15, 57, '2022-05-08 13:44:40'),
(47, 'All kind of food', 'No medication', 'No', 'Stomach problem and pimples ', '21:00:00', '01:10:00', 15, 58, '2022-05-08 13:44:40'),
(48, 'Everything except meat', 'Nope', 'Meat', 'No disease', '10:00:00', '12:30:00', 15, 60, '2022-05-08 13:44:40'),
(49, 'Non vegetarian and vegetarian ', 'No', 'No', 'No', '06:30:00', '12:00:00', 30, 59, '2022-05-08 13:44:40'),
(50, 'Rice', 'No', 'No', 'Severe constipation ', '08:01:00', '23:00:00', 15, 62, '2022-05-08 13:44:40'),
(51, 'sweets', 'stomach issues', 'nill', 'stomach problem, depression', '07:00:00', '23:29:00', 15, 63, '2022-05-08 13:44:40'),
(52, 'Daily desi meals cook at home roti salan', 'None', 'None', 'None', '11:00:00', '01:05:00', 15, 65, '2022-05-13 17:21:25'),
(53, 'Usually love fast food but can', 'Multivitamin, vitamin e, c B1', 'None', 'Hemorrhoids svere, constipatio', '08:30:00', '00:30:00', 45, 68, '2022-05-08 13:44:40'),
(54, '', '', '', '', '04:30:00', '22:00:00', 15, 64, '2022-05-08 13:44:40'),
(55, 'Everything accept raw tomatoes', 'Caltrate D, Natures Bounty pre', 'None', '', '09:00:00', '12:00:00', 15, 66, '2022-05-08 13:44:40'),
(56, 'Everything', 'Salazodine EC, Extor 5/80, Met', 'None', 'Hypertension, Psoriasis, psori', '09:00:00', '12:00:00', 15, 67, '2022-05-08 13:44:40'),
(57, 'Fast food, rice, ', 'Not', 'Not ', 'Not serious but sometimes stom', '04:00:00', '12:00:00', 15, 49, '2022-05-08 13:44:40'),
(58, '', '', '', '', '00:00:00', '00:00:00', 0, 72, '2022-05-08 13:44:40'),
(59, 'Healthy food', 'Nothing', 'No ', 'No', '06:00:00', '14:00:00', 30, 69, '2022-05-08 13:44:40'),
(60, 'All foods', 'None', 'None', 'None', '02:00:00', '11:00:00', 15, 73, '2022-05-08 13:44:40'),
(61, 'Alo chawal type chizain r fast', 'No medication Alhamdulillah ', 'No allergies Alhamdulillah ', 'R sony ka koi time ziada fix n', '07:08:00', '23:10:00', 30, 78, '2022-05-08 13:44:40'),
(62, 'any one', 'no', 'no', 'no', '19:36:00', '23:33:00', 30, 71, '2022-05-08 13:44:40'),
(63, 'Can eat anything non veg and v', 'None ', 'None ', 'None ', '07:00:00', '23:30:00', 30, 85, '2022-05-08 13:44:40'),
(64, 'Cereals', 'Normal', 'Cinnamon stick', 'No', '10:00:00', '01:00:00', 30, 83, '2022-05-08 13:44:40'),
(65, 'I dont eat beef and meat.I hav', 'nothing', 'strawbery', 'constipation only', '07:00:00', '00:00:00', 15, 86, '2022-05-08 13:44:40'),
(66, 'Fruits, Vegetables, Meat....Al', 'Tab biforge 10/160mg for HTN, ', 'No', 'HTN', '04:30:00', '22:30:00', 30, 79, '2022-05-08 13:44:40'),
(67, '', '', '', '', '09:00:00', '02:30:00', 45, 80, '2022-05-29 16:13:19'),
(68, 'Chicken, fish, veggies, lentil', 'none', 'none', 'hormonal imbalance ', '06:00:00', '23:00:00', 15, 89, '2022-05-08 13:44:40'),
(69, 'Meat vegetable', 'No', 'No', 'Thyroid issue', '19:00:00', '23:30:00', 15, 84, '2022-05-08 13:44:40'),
(70, 'Everything', 'None', 'None', 'None', '08:00:00', '00:00:00', 30, 93, '2022-05-08 13:44:40'),
(71, 'Vegetable , mutton , noddles ,', 'Letrozole stop for while dupha', 'Herbal tea ', 'Endometriosis ', '06:30:00', '13:00:00', 45, 92, '2022-05-08 13:44:40'),
(72, 'Roti rice fruit chat peanut bu', 'No', 'Garam chezen like egg yolk ', 'No', '09:00:00', '00:00:00', 30, 91, '2022-05-08 13:44:40'),
(73, 'Changes with time. One dish do', 'none', 'none', 'none', '12:00:00', '04:00:00', 15, 81, '2022-05-08 13:44:40'),
(74, 'All yummy foods 😋', 'Nthng', 'Kehwa', 'Nthng', '23:15:00', '14:16:00', 15, 96, '2022-05-28 14:26:12'),
(75, 'Sweet dishes alot', 'None ', 'None', 'Pcos ', '20:00:00', '12:00:00', 15, 61, '2022-05-08 13:44:40'),
(76, 'Can eat anything', 'Null', 'A bit from hot essence food', 'Everything normal.. just loss ', '10:00:00', '01:00:00', 15, 97, '2022-05-08 16:45:02'),
(77, 'Everything', 'None', 'None', 'None', '10:00:00', '00:30:00', 120, 99, '2022-05-30 11:03:26'),
(78, 'Non vegetarian and Vegetarian ', 'Nothing ', 'Nothing ', 'Nothing ', '05:20:00', '21:30:00', 15, 87, '2022-05-28 11:27:38'),
(79, 'Kfc, tikkah, steaks, pastas, l', 'Nothing', 'No', 'Harmonal imbalance ', '13:00:00', '06:00:00', 150, 94, '2022-05-09 11:05:11'),
(80, 'No', 'No', 'No', 'No', '10:00:00', '03:10:00', 15, 100, '2022-05-09 15:19:12'),
(81, 'All', 'No', 'No', 'No', '07:16:00', '23:50:00', 30, 82, '2022-05-09 16:25:52'),
(82, 'Anything which i can easily manage in the hostel except fish, milk ', 'No medical issues ', 'None ', 'None', '07:00:00', '23:30:00', 15, 103, '2022-05-10 05:11:36'),
(83, 'Fond of rice kabab fast food ', 'Folic acid + iberet + skilax drops for constipation ', 'No', 'No', '10:01:00', '12:00:00', 15, 88, '2022-05-10 16:24:38'),
(84, 'Eat everything ', 'None', 'None', 'None', '06:00:00', '23:00:00', 120, 104, '2022-05-10 14:43:38'),
(85, 'Anything ', 'Nothing ', 'No', 'No', '08:00:00', '22:00:00', 30, 98, '2022-05-10 14:57:58'),
(86, 'Hone food and sometimes fast food ', 'Nature bounty(hair,nails,skin) Booties (collagen)', 'White flour ', 'Nonw', '07:15:00', '22:00:00', 60, 95, '2022-05-28 05:27:23'),
(87, 'Normal can eat any thing', 'No Medicine', 'No', 'No', '19:00:00', '02:00:00', 30, 106, '2022-05-10 16:51:03'),
(88, 'I like all sorts of food ', 'None', 'None', 'None', '05:45:00', '23:30:00', 15, 105, '2022-05-11 04:01:24'),
(89, '', '', '', 'Stomach issue', '22:30:00', '12:00:00', 45, 112, '2022-05-30 14:19:18'),
(90, 'Chicken, Rice ', 'No', 'No ', 'No', '11:00:00', '01:00:00', 15, 111, '2022-05-11 07:24:05'),
(91, 'Anything', 'None', 'None', 'None', '07:00:00', '00:30:00', 15, 107, '2022-05-11 10:37:08'),
(92, 'Desi foods ,home made , biryani,pulao,Partha,and sometimes fast foods', 'No ', 'Hot nature foods', 'Somehow irregular periods', '17:00:00', '22:30:00', 45, 113, '2022-05-11 14:51:35'),
(93, 'Any thing', 'No', 'No', 'No', '08:00:00', '23:00:00', 15, 110, '2022-05-11 17:30:18'),
(94, 'Watermelon,brown bread and salads.', 'Nothing ', 'Eggs,tea, coffee and spices.', 'Headache, skin and hair issues, severe acne and sleeping sometimes.', '05:30:00', '23:05:00', 30, 102, '2022-05-13 04:29:27'),
(95, 'Rice,Roti,salad,egg,chicken,milk,vegetables ', 'Bloating, back pain, pain in shoulders and legs', 'Maida', 'Typhoid ', '05:25:00', '23:19:00', 45, 114, '2022-05-12 08:24:27'),
(96, 'Chicken , roti , fruits , bbq , coffe , tea ', 'Vitamins  ', 'Lemon ', 'Bones issue back pain less blood ', '08:00:00', '01:00:00', 15, 90, '2022-05-12 18:02:39'),
(97, 'salan+roti,rice sometimes,jung food sometimes,juices,fruits,no sweets,tea with small sugar,chiken,', 'none', 'none', 'pcos', '07:16:00', '00:16:00', 15, 124, '2022-05-13 04:24:09'),
(98, 'Everything', '', '', 'Piles, constipation, gastric issue, stomach, depression', '06:00:00', '12:00:00', 45, 127, '2022-05-13 12:35:15'),
(99, 'Home made food', 'Nill', 'Nill', 'Nill', '17:00:00', '23:00:00', 60, 126, '2022-05-30 11:45:14'),
(100, 'Mutton,beaf, chicken ,rice', 'No', 'Tindy ,keraly', 'No', '10:00:00', '01:00:00', 15, 108, '2022-05-13 17:32:35'),
(101, 'steaks,bbq,steamed,boiled vegatbles,fruits,shakes', 'nothing ', 'nothing ', 'nothing ', '07:00:00', '01:30:00', 60, 131, '2022-05-13 21:21:58'),
(102, '', '', '', '', '10:00:00', '00:57:00', 15, 130, '2022-06-16 19:00:34'),
(103, '', '', '', '', '07:00:00', '23:00:00', 15, 125, '2022-05-14 11:58:00'),
(104, 'All', 'Supplement Bon Health ', 'No ', '', '10:15:00', '12:12:00', 30, 132, '2022-05-14 15:40:42'),
(105, 'Plz add some sweets in diet ', ' irregular periods ', 'No', 'No', '23:00:00', '15:00:00', 60, 137, '2022-05-14 18:33:41'),
(106, 'Veg', 'Ezomol( Esomeprazole) 40mg', 'Nothing ', 'Nothing ', '08:00:00', '12:00:00', 30, 136, '2022-05-15 11:23:05'),
(107, 'I can eat All type of food but chicken in small quantity ', 'None ', 'None', 'None', '04:45:00', '23:00:00', 60, 138, '2022-05-15 07:16:14'),
(108, 'Bottle', 'Thyronarm 5 tablet', 'Nothing', 'Thyroid patient nd high calostrol uricacid', '09:30:00', '02:02:00', 15, 134, '2022-05-15 10:02:10'),
(109, 'Chicken kebabs Salads Pasta Rice Fruit Oats Soups Burgers Sandwiches  Pizza Pine sol Zeera Biryani masala Chicken cubes  Banana  Strawbs Milk Yogurt  Apples Pancakes', 'None', 'None', 'None', '09:00:00', '22:00:00', 30, 128, '2022-05-15 16:17:56'),
(110, 'Fast food ', 'No', 'No', 'No', '07:00:00', '11:00:00', 15, 135, '2022-05-16 03:14:58'),
(111, 'No', 'No', 'No', 'High cholesterol', '06:00:00', '22:00:00', 15, 129, '2022-05-16 10:56:37'),
(112, 'None', 'None', 'None', 'Pcos, Asthma', '11:00:00', '01:00:00', 75, 143, '2022-06-07 14:32:59'),
(113, 'I like spicy fry chatpati things', 'Postpartum three months old baby', 'Raw vegetables bloated', 'Constipation sometimes stomach pain,saggy skin', '12:10:00', '13:10:00', 30, 140, '2022-05-16 16:33:58'),
(114, 'Home made food', 'No any', 'No any', 'No any', '11:00:00', '02:00:00', 15, 139, '2022-05-17 07:50:50'),
(115, 'Rice, karahi and roti ', 'No ', 'No', 'No', '08:40:00', '23:56:00', 60, 142, '2022-05-17 08:11:38'),
(116, 'Veggies(bhindi bhengan not liked) daal chicken', 'Used duphaston tablets for periods and calcium and iron', 'Too much spicy and oily foods', 'Stomach prblm pain in arms fringers and legs', '10:00:00', '02:00:00', 15, 141, '2022-05-17 15:47:16'),
(117, 'Rices ', 'Nothing ', 'Cold drinks and peanuts causes migrane ', 'Migrane ', '22:35:00', '02:30:00', 30, 144, '2022-05-17 17:16:13'),
(118, 'Mostly anything, fried, baked, grilled, junk food, cold drinks etc', 'I sometimes take Concor 2.5 mg for blood pressure', 'Not that i know of. I do initially sneeze alot when ever i am having oily salan.', 'Borderline high blood pressure. ', '18:00:00', '11:00:00', 15, 152, '2022-05-18 17:00:19'),
(119, '', 'Serc, stemetil', '', '', '10:00:00', '01:00:00', 15, 147, '2022-05-19 15:27:00'),
(120, 'All', 'Bp, urice acid medicine ', 'None', 'Bp, uric acid', '08:30:00', '21:30:00', 30, 149, '2022-05-19 05:51:40'),
(121, 'Anything but on a low budget ', 'None', 'None', 'Iron deficiency, stomach problems, acidity ', '06:00:00', '12:00:00', 30, 154, '2022-05-19 15:18:27'),
(122, 'Anything except beef mutton ', 'No', 'No', 'No', '19:15:00', '23:01:00', 15, 145, '2022-05-19 15:03:44'),
(123, 'Daal chawal lover', 'Joint patient ', 'Nothing Alhamdulillah ', 'Joint y', '06:00:00', '12:00:00', 15, 146, '2022-05-19 15:22:52'),
(124, 'Junk:) but I will stop Insha Allah ', 'Nops', 'Not allergy .. just toothache with raw vegetables', 'Starts body pain especially in thighs when I go to bed', '11:00:00', '03:01:00', 15, 153, '2022-05-20 05:50:32'),
(125, 'no', 'no', 'no', 'no', '07:11:00', '12:11:00', 15, 148, '2022-05-20 13:19:10'),
(126, '', 'Non', 'Non', 'Non ', '06:30:00', '23:00:00', 15, 155, '2022-05-21 12:55:50'),
(127, 'Deal chicken chapati milk rice', 'No', 'No', 'No', '07:00:00', '11:01:00', 30, 157, '2022-05-21 21:44:14'),
(128, 'Chicken, protein shake, eggs, ', 'Danzen ds', 'Raw vegetables(capsicum, carrots, onion, cabbage), hazelnuts, lactose intolerant, roti.', 'Knee effusion, fainting episodes ', '07:00:00', '22:30:00', 15, 156, '2022-05-22 05:43:16'),
(129, 'Any except poridge', 'Nothing', 'Deep Fried Food', 'Recovered From Pcos ', '07:30:00', '01:30:00', 120, 161, '2022-05-22 11:18:04'),
(130, 'Nothing special', 'Thyroxine ', 'Nothing ', 'Thyroid ', '12:00:00', '03:00:00', 30, 160, '2022-05-23 09:17:57'),
(131, '', '', '', '', '11:30:00', '12:00:00', 15, 162, '2022-05-26 17:54:50'),
(132, 'I can eat everything', 'No using any', 'Not found', 'Not found', '11:00:00', '02:00:00', 15, 158, '2022-05-23 15:58:30'),
(133, '', 'None ', 'None ', 'None ', '09:30:00', '12:30:00', 45, 165, '2022-05-23 17:02:12'),
(134, '', '', '', '', '10:00:00', '01:00:00', 0, 163, '2022-05-26 17:32:47'),
(135, 'Any food except the food elergies', 'Not regularly but in severe muscle pain movex or Nims painkiller ', 'Chane ki Dal + Mash Dal + Bhindi or some this type of food which causes gas problem ', 'PCOS + Muscles stretched pain+ Migraine sometime', '13:00:00', '03:00:00', 15, 166, '2022-05-23 18:07:37'),
(136, 'Routine salan gravies veges muton chicken', 'Nill', 'Cant take egg daily ..but can tolerate alternate ', 'Obesity ', '07:30:00', '11:00:00', 15, 164, '2022-05-25 16:25:14'),
(137, 'Fruits Mutton Chicken Vegetables Rice', 'Nil', 'Nil', 'Muscle Spasm', '10:00:00', '02:30:00', 15, 168, '2022-05-25 18:46:01'),
(138, 'Rice ', 'Nothing else ', 'Nothing else', 'No ', '07:00:00', '23:30:00', 15, 171, '2022-05-26 11:30:23'),
(139, 'Salty and spicy', 'Nothing', 'No', 'No disease', '08:00:00', '01:00:00', 15, 167, '2022-05-26 18:06:50'),
(140, 'Veg / Non Veg', 'Nothing ', 'Nothing ', 'No disease ', '07:00:00', '12:00:00', 15, 173, '2022-05-26 17:55:42'),
(141, 'Home made foods (mostly) fruits (all)  vegetables and sweet items', 'No as such', 'No as such', 'No', '11:00:00', '02:00:00', 45, 170, '2022-05-26 17:56:38'),
(142, 'Everything i can eat', 'Nothing ', 'Meat , fish, egg', 'Nothing ', '10:00:00', '01:00:00', 15, 174, '2022-05-26 18:27:45'),
(143, 'Chicken and vegetables', 'Vit d and b12 supplements', 'No', 'Pcos and PMS', '07:30:00', '01:01:00', 30, 176, '2022-05-27 17:07:23'),
(144, 'All sorts of food except seafood', 'Not any', 'Not any', 'Not any', '05:30:00', '10:30:00', 15, 178, '2022-05-27 17:05:48'),
(145, '', '', '', 'Suffer from constipation and acidity often', '10:00:00', '03:00:00', 30, 180, '2022-05-27 17:17:49'),
(146, 'All types vegetarian too', 'No other medication except nsaids', 'Coconut and carrots ', 'Fine', '07:30:00', '02:30:00', 90, 179, '2022-05-28 15:33:20'),
(147, 'Anyway ', 'No medication, iron supplements, 1000 Cac', 'No as such allergies ', 'Thalassemia (trait), stomach irritation and pain on empty stomach.', '08:00:00', '10:30:00', 30, 182, '2022-05-28 16:39:28'),
(148, 'EVERYTHING', 'NOTHING', 'EVERYTHING', 'NO', '09:00:00', '01:00:00', 15, 181, '2022-05-28 10:52:04'),
(149, '', '', '', '', '09:00:00', '01:00:00', 60, 188, '2022-05-30 16:50:54'),
(150, 'Everything except sour', 'Thyroxin, anti depressent sleeping pill', '', 'Joint pain, thyroid, menopause, insomnia', '12:00:00', '03:15:00', 60, 190, '2022-05-31 09:36:54'),
(151, 'Chicken ', 'No', 'Mutton beef', 'No irregular periods and hormonal imbalance only ', '08:00:00', '12:00:00', 15, 185, '2022-05-31 03:36:22'),
(152, 'Pasta,biryani pizza rajma chawal', 'Nothing but some time take allargy medi', 'Some time rise rajma aur dryfruits se ho jati ha', 'No', '10:00:00', '12:00:00', 15, 189, '2022-05-31 09:59:26'),
(153, 'Chicken, pulses, fruits, vegetables, curd, egg', 'No', 'No', 'PCOS ', '07:00:00', '23:30:00', 15, 184, '2022-05-31 18:30:21'),
(154, 'Veg/Non - veg (chicken, mutton) any vegetables except kidney beans', 'Polymalt, Folic Acid, Cac1000', '', 'Was diagnosed Macrocytic Anaemia on 11 may, Hb was 6.1, latest report shows no anaemia and Hb was 12.1', '08:00:00', '03:00:00', 15, 187, '2022-06-01 12:24:36'),
(155, 'Chicken/ veggies like cucumber , cauliflower , bhindi etc, pasta', 'Not on any medication ', 'No allergies', 'No such disease ', '10:30:00', '12:29:00', 30, 193, '2022-06-01 17:10:12'),
(156, 'I can eat all food. But I prefer vegetables on meat. ', 'None', 'None ', 'None', '08:00:00', '23:30:00', 15, 195, '2022-06-02 14:17:51'),
(157, 'I can eat all type of food items', 'Not any medication ', 'Not really', 'PCOS/ excessive facial hair', '09:00:00', '01:00:00', 30, 196, '2022-06-02 15:40:22'),
(158, 'All', 'Suger,BP,', 'No', 'Suger bp', '12:30:00', '04:31:00', 15, 197, '2022-06-02 15:43:49'),
(159, 'Chicken fish some vegetables ', 'Surbex Z and Bioten', 'Nothing ', 'Sinus ', '14:00:00', '07:00:00', 15, 191, '2022-06-02 15:49:49'),
(160, 'vegetables egg rice', '', 'lemon', 'asthma type but not asthma', '06:00:00', '10:00:00', 15, 199, '2022-06-02 17:05:28'),
(161, 'No choice ', 'No ', 'Fried egg', 'No disease ..but having minor arthritis ', '07:30:00', '10:30:00', 15, 198, '2022-06-03 05:25:57'),
(162, 'Any Food', 'No', 'No', 'No', '09:00:00', '12:30:00', 15, 200, '2022-06-03 16:34:15'),
(163, 'Beaf, biryaani, mutton , vegetables and fruits', 'Nothing ', 'Nothing ', 'Fat, anhelation ', '06:00:00', '11:30:00', 15, 204, '2022-06-04 08:36:26'),
(164, 'Desi food and fruits ', 'No', 'No', 'Often low blood pressure ', '06:00:00', '23:00:00', 15, 183, '2022-06-04 07:18:46'),
(165, 'Fruits, vegetables except tomatoes and spinach, no green tea', 'Drospirenone & Ethinylestradiol', 'Nothing', 'Nothing', '07:30:00', '11:00:00', 15, 201, '2022-06-04 11:23:37'),
(166, 'Junk food', 'None', 'Brinjal, red lentils and banana', 'Constipation, thyroid ', '17:00:00', '06:00:00', 15, 208, '2022-06-06 07:04:31'),
(167, 'All ', 'None', 'Not known', 'PCOS, Acne ', '09:00:00', '12:00:00', 15, 207, '2022-06-06 13:05:01'),
(168, 'Lows spises  foodand chocolate made things', 'Related to constipation', 'No', 'Constipation, piles and lakoria ', '04:30:00', '23:00:00', 180, 206, '2022-06-06 08:43:35'),
(169, 'normal home made pakistani food', 'none', 'none', 'pcos', '07:00:00', '11:30:00', 15, 214, '2022-06-08 17:41:29'),
(170, 'Desi food', 'No', 'No', 'No', '05:00:00', '23:00:00', 15, 216, '2022-06-08 18:10:29'),
(171, ' Food Choices (Liking/Disliking) Liking : Fond of Chicken   Spicy Food   Lentils : Masoor Ki Daal + Rajma + lobia + aloo palak + Mash Ki daal +Shaljum  Dislikes: Beef / Mutton , Brinjil like these vegetables ', 'Thyronorm ', 'Cabbage ', 'hypothyroidism', '07:00:00', '00:30:00', 30, 211, '2022-06-08 18:36:31'),
(172, '', '', '', '', '07:00:00', '01:00:00', 15, 203, '2022-06-12 18:00:58'),
(173, 'Simple food home cooked, sometimes severe cravings of cheese, sweet, fast food and chinese', 'Myoinositol sachet , folic acid tab, cyprodiol tab', 'No allergy', 'Pcos', '07:00:00', '22:30:00', 15, 213, '2022-06-09 06:31:55'),
(174, 'Biryani. ', 'About back problem', 'No', 'Back pain most of the time.', '09:00:00', '23:00:00', 180, 221, '2022-06-10 11:31:03'),
(175, 'No', 'Thyroid ', 'No', 'Thyroid ', '08:30:00', '11:29:00', 30, 218, '2022-06-11 16:09:49'),
(176, 'Anything that i can eat', 'Nothing', 'Gluten', 'Celiac', '22:00:00', '14:00:00', 60, 212, '2022-06-11 11:46:42'),
(177, 'Many', 'Nill', 'Nill', 'Pcos', '11:00:00', '02:02:00', 15, 227, '2022-06-11 20:44:59'),
(178, 'Chicken, veggies, less meat and beef', 'None', 'Lactose intolerant', 'None', '17:15:00', '12:00:00', 120, 226, '2022-06-12 09:28:57'),
(179, 'Homemade specially spicy food items', 'Acne', 'No', 'No', '16:45:00', '22:55:00', 30, 209, '2022-06-12 10:59:05'),
(180, 'No', 'No medication', 'No', 'No diseases', '22:00:00', '12:00:00', 15, 228, '2022-06-12 11:10:17'),
(181, 'Mainly Pakistani food ', 'None', 'None', 'None', '06:30:00', '23:00:00', 15, 225, '2022-06-12 17:57:21'),
(182, 'Stuff chicken, vegetables chicken sandwich with sauses ', '..... ', 'No', 'No', '01:00:00', '04:30:00', 15, 229, '2022-06-14 08:07:04'),
(183, 'Grilled sandwiches, home made, macroni', 'Vitamins calciums', 'No', 'No', '11:30:00', '02:00:00', 15, 231, '2022-06-13 14:35:17'),
(184, '', '', 'No any', 'No any', '09:00:00', '03:30:00', 30, 230, '2022-06-16 07:12:30'),
(185, '', '', '', 'piles', '11:48:00', '03:00:00', 60, 235, '2022-06-14 13:59:23'),
(186, 'Home base food', 'No medication', 'No ', 'No ', '11:00:00', '05:00:00', 60, 232, '2022-06-14 17:22:34'),
(187, 'Vegerables, Fruits, Roti, Rice', 'None ', 'None ', 'Mainly face acne and insomnia ', '11:00:00', '01:00:00', 15, 234, '2022-06-14 16:38:01'),
(188, 'all type of healthy food', 'nothing', 'no', 'physical balance problem,,stammering', '09:45:00', '01:00:00', 15, 237, '2022-06-14 17:46:03'),
(189, '', 'None', 'None known ', 'None', '09:00:00', '02:00:00', 15, 240, '2022-06-15 17:39:05'),
(190, '_', '_', '_', '_', '11:30:00', '10:30:00', 15, 238, '2022-06-16 06:48:10'),
(191, 'Each type of food', 'nothing', 'Nothing', 'Constipation', '10:00:00', '23:50:00', 45, 241, '2022-06-16 06:46:46'),
(192, 'Asian and Arabic Food', 'Nil', 'Nil', 'Mild High Blood Pressure ', '10:30:00', '01:00:00', 30, 242, '2022-06-18 05:18:55');

-- --------------------------------------------------------

--
-- Table structure for table `package`
--

CREATE TABLE `package` (
  `package_id` int(11) NOT NULL,
  `client_id` int(11) DEFAULT NULL,
  `payment_id` int(11) DEFAULT NULL,
  `package_name` varchar(30) DEFAULT NULL,
  `package_date` date DEFAULT NULL,
  `followup` int(11) DEFAULT 0,
  `CreatedOrModified` timestamp NOT NULL DEFAULT current_timestamp() ON UPDATE current_timestamp(),
  `info2` tinyint(1) DEFAULT 0
) ENGINE=InnoDB DEFAULT CHARSET=latin1;

--
-- Dumping data for table `package`
--

INSERT INTO `package` (`package_id`, `client_id`, `payment_id`, `package_name`, `package_date`, `followup`, `CreatedOrModified`, `info2`) VALUES
(1, 3, 2, '60 Days Plan', '2022-04-05', -9999, '2022-06-04 05:50:03', 1),
(2, 4, 3, '30 Days Plan', '2022-04-05', 30, '2022-05-12 08:19:51', 1),
(3, 10, 9, '30 Days Plan', '2022-04-05', 30, '2022-05-12 08:19:51', 1),
(4, 6, 5, '60 Days Plan', '2022-04-05', -9999, '2022-06-04 05:51:06', 1),
(5, 2, 1, '30 Days Plan', '2022-04-06', 120, '2022-05-12 08:19:51', 1),
(6, 5, 4, '30 Days Plan', '2022-04-06', 30, '2022-05-12 08:19:51', 1),
(7, 7, 6, '30 Days Plan', '2022-04-06', -9999, '2022-05-12 08:19:51', 1),
(8, 8, 7, '30 Days Plan', '2022-04-06', 30, '2022-05-12 08:19:51', 1),
(9, 9, 8, '60 Days Plan', '2022-04-06', -9999, '2022-06-11 17:07:34', 0),
(10, 11, 12, '30 Days Plan', '2022-04-06', -9999, '2022-05-12 08:19:51', 1),
(11, 12, 10, '30 Days Plan', '2022-04-06', -9999, '2022-05-12 08:19:51', 1),
(12, 13, 11, '30 Days Plan', '2022-04-06', 30, '2022-05-12 08:19:51', 1),
(13, 15, 14, '30 Days Plan', '2022-04-06', 105, '2022-05-12 08:19:51', 1),
(14, 16, 15, '120 Days Plan', '2022-04-07', 60, '2022-06-06 13:55:29', 1),
(15, 17, 16, '30 Days Plan', '2022-04-07', -9999, '2022-05-12 08:19:51', 1),
(16, 18, 17, '30 Days Plan', '2022-04-07', -9999, '2022-05-12 08:19:51', 1),
(17, 21, 20, '30 Days Plan', '2022-04-08', -9999, '2022-05-12 08:19:51', 1),
(18, 22, 21, '30 Days Plan', '2022-04-08', -9999, '2022-05-12 08:19:51', 1),
(19, 20, 19, '30 Days Plan', '2022-04-08', -9999, '2022-05-12 08:19:51', 1),
(20, 23, 22, '30 Days Plan', '2022-04-08', -9999, '2022-05-12 08:19:51', 1),
(21, 19, 18, '30 Days Plan', '2022-04-08', -9999, '2022-05-12 08:19:51', 1),
(22, 14, 13, '30 Days Plan', '2022-04-08', -9999, '2022-05-09 17:23:04', 0),
(23, 24, 23, '60 Days Plan', '2022-04-08', -9999, '2022-06-11 17:07:29', 1),
(24, 25, 24, '30 Days Plan', '2022-04-09', -9999, '2022-05-12 08:19:51', 1),
(25, 26, 25, '60 Days Plan', '2022-04-09', -9999, '2022-06-11 17:06:53', 1),
(26, 30, 29, '30 Days Plan', '2022-04-10', -9999, '2022-05-12 08:19:51', 1),
(27, 31, 30, '30 Days Plan', '2022-04-10', -9999, '2022-05-12 08:19:51', 1),
(28, 28, 27, '30 Days Plan', '2022-04-13', -9999, '2022-05-13 17:14:15', 1),
(29, 32, 31, '30 Days Plan', '2022-04-13', -9999, '2022-05-13 17:16:26', 1),
(30, 29, 28, '30 Days Plan', '2022-04-13', -9999, '2022-05-13 17:19:01', 1),
(31, 34, 33, '30 Days Plan', '2022-04-13', -9999, '2022-05-13 17:20:59', 1),
(32, 35, 34, '30 Days Plan', '2022-04-13', -9999, '2022-05-13 17:24:01', 1),
(33, 33, 32, '30 Days Plan', '2022-04-13', -9999, '2022-05-13 17:25:29', 0),
(34, 36, 35, '30 Days Plan', '2022-04-13', -9999, '2022-05-13 17:27:40', 1),
(35, 37, 36, '30 Days Plan', '2022-04-13', -9999, '2022-05-13 17:29:44', 1),
(36, 38, 37, '60 Days Plan', '2022-04-14', -9999, '2022-06-14 13:47:59', 1),
(37, 27, 26, '90 Days Plan', '2022-04-09', 60, '2022-06-08 18:52:25', 0),
(38, 40, 39, '30 Days Plan', '2022-04-16', -9999, '2022-05-16 17:35:51', 1),
(39, 41, 40, '30 Days Plan', '2022-04-16', -9999, '2022-05-16 17:35:55', 1),
(40, 39, 38, '30 Days Plan', '2022-04-18', -9999, '2022-05-18 14:58:37', 1),
(41, 42, 41, '120 Days Plan', '2022-04-18', 60, '2022-06-17 06:49:01', 1),
(42, 43, 42, '30 Days Plan', '2022-04-18', -9999, '2022-05-18 14:59:52', 1),
(43, 48, 47, '30 Days Plan', '2022-04-19', -9999, '2022-05-19 15:57:12', 1),
(44, 44, 43, '30 Days Plan', '2022-04-19', -9999, '2022-05-19 15:57:59', 1),
(45, 45, 44, '15 Days Plan', '2022-04-19', 15, '2022-05-12 08:19:51', 1),
(46, 46, 45, '60 Days Plan', '2022-04-20', 45, '2022-06-04 05:48:40', 0),
(47, 52, 51, '30 Days Plan', '2022-04-20', -9999, '2022-05-20 17:20:44', 1),
(48, 51, 50, '30 Days Plan', '2022-04-20', -9999, '2022-05-20 17:23:12', 1),
(49, 54, 53, '30 Days Plan', '2022-04-21', -9999, '2022-05-22 16:28:15', 1),
(50, 47, 46, '60 Days Plan', '2022-04-21', 45, '2022-06-06 13:53:53', 1),
(51, 58, 57, '30 Days Plan', '2022-04-25', -9999, '2022-05-25 16:49:54', 1),
(52, 57, 55, '30 Days Plan', '2022-04-25', -9999, '2022-05-25 16:51:17', 1),
(53, 56, 56, '30 Days Plan', '2022-04-25', -9999, '2022-05-25 16:53:38', 1),
(54, 53, 52, '30 Days Plan', '2022-04-25', -9999, '2022-05-25 16:54:49', 1),
(55, 55, 54, '30 Days Plan', '2022-04-25', -9999, '2022-05-25 16:56:19', 1),
(56, 59, 58, '30 Days Plan', '2022-04-28', -9999, '2022-05-28 16:31:31', 1),
(57, 60, 59, '30 Days Plan', '2022-04-28', -9999, '2022-05-28 16:32:42', 1),
(58, 62, 61, '30 Days Plan', '2022-04-28', -9999, '2022-05-28 16:33:52', 1),
(59, 63, 62, '30 Days Plan', '2022-04-28', -9999, '2022-05-28 16:34:58', 1),
(60, 65, 64, '30 Days Plan', '2022-04-28', -9999, '2022-05-28 16:36:25', 1),
(61, 68, 67, '120 Days Plan', '2022-04-28', 45, '2022-06-12 17:44:08', 1),
(62, 70, 69, '30 Days Plan', '2022-04-29', -9999, '2022-05-30 11:37:53', 1),
(63, 67, 66, '90 Days Plan', '2022-04-29', 45, '2022-06-14 13:40:01', 1),
(64, 64, 63, '30 Days Plan', '2022-04-29', -9999, '2022-05-30 11:40:56', 1),
(65, 66, 65, '90 Days Plan', '2022-04-29', 45, '2022-06-14 13:38:49', 1),
(66, 49, 48, '15 Days Plan', '2022-05-01', -9999, '2022-05-16 17:35:43', 1),
(67, 69, 68, '15 Days Plan', '2022-05-01', -9999, '2022-05-16 17:35:47', 1),
(68, 72, 71, '30 Days Plan', '2022-05-01', -9999, '2022-06-01 11:39:49', 1),
(69, 73, 72, '30 Days Plan', '2022-05-08', -9999, '2022-06-11 17:06:33', 1),
(70, 71, 70, '30 Days Plan', '2022-05-10', -9999, '2022-06-11 04:03:01', 1),
(71, 83, 81, '30 Days Plan', '2022-05-10', -9999, '2022-06-11 17:00:43', 1),
(72, 79, 78, '30 Days Plan', '2022-05-10', -9999, '2022-06-11 17:02:20', 1),
(73, 85, 84, '30 Days Plan', '2022-05-10', -9999, '2022-06-11 17:03:19', 1),
(74, 78, 77, '30 Days Plan', '2022-05-10', -9999, '2022-06-11 17:05:35', 1),
(75, 74, 73, '60 Days Plan', '2022-05-10', 30, '2022-06-10 17:17:32', 1),
(76, 61, 60, '30 Days Plan', '2022-05-10', -9999, '2022-06-11 04:01:29', 1),
(77, 84, 82, '30 Days Plan', '2022-05-10', -9999, '2022-06-11 04:00:19', 1),
(78, 81, 80, '30 Days Plan', '2022-05-10', -9999, '2022-06-11 03:58:19', 1),
(79, 80, 79, '30 Days Plan', '2022-05-11', -9999, '2022-06-11 03:55:28', 1),
(80, 86, 85, '30 Days Plan', '2022-05-11', -9999, '2022-06-10 17:25:59', 1),
(81, 93, 92, '30 Days Plan', '2022-05-11', -9999, '2022-06-10 17:24:37', 1),
(82, 91, 90, '60 Days Plan', '2022-05-11', 30, '2022-06-10 17:14:42', 1),
(83, 87, 86, '30 Days Plan', '2022-05-11', -9999, '2022-06-10 17:23:23', 1),
(84, 89, 88, '30 Days Plan', '2022-05-11', -9999, '2022-06-10 17:22:21', 1),
(85, 99, 98, '60 Days Plan', '2022-05-11', 30, '2022-06-10 17:15:34', 1),
(86, 77, 76, '30 Days Plan', '2022-05-11', -9999, '2022-06-10 17:21:09', 0),
(87, 92, 91, '60 Days Plan', '2022-05-12', 30, '2022-06-11 17:14:09', 1),
(88, 96, 95, '30 Days Plan', '2022-05-12', -9999, '2022-06-12 17:51:46', 1),
(89, 95, 94, '30 Days Plan', '2022-05-12', -9999, '2022-06-12 17:51:50', 1),
(90, 100, 99, '30 Days Plan', '2022-05-12', -9999, '2022-06-12 17:51:28', 1),
(91, 94, 93, '30 Days Plan', '2022-05-12', -9999, '2022-06-12 17:51:23', 1),
(92, 88, 87, '30 Days Plan', '2022-05-13', -9999, '2022-06-12 17:51:32', 1),
(93, 82, 83, '60 Days Plan', '2022-05-13', 30, '2022-06-12 17:44:16', 1),
(94, 97, 96, '60 Days Plan', '2022-05-13', 30, '2022-06-12 17:44:37', 1),
(95, 98, 97, '30 Days Plan', '2022-05-13', -9999, '2022-06-12 17:51:36', 1),
(96, 98, 97, '30 Days Plan', '2022-05-13', -9999, '2022-06-12 17:51:40', 1),
(97, 103, 102, '30 Days Plan', '2022-05-13', -9999, '2022-06-12 17:51:43', 1),
(98, 106, 107, '30 Days Plan', '2022-05-14', -9999, '2022-06-14 13:47:45', 0),
(99, 105, 105, '30 Days Plan', '2022-05-14', -9999, '2022-06-14 13:47:48', 0),
(100, 110, 109, '30 Days Plan', '2022-05-14', -9999, '2022-06-14 13:47:51', 0),
(101, 112, 111, '30 Days Plan', '2022-05-14', -9999, '2022-06-14 13:47:54', 0),
(102, 113, 112, '30 Days Plan', '2022-05-14', -9999, '2022-06-14 13:47:56', 0),
(103, 90, 89, '30 Days Plan', '2022-05-15', -9999, '2022-06-14 13:47:36', 0),
(104, 102, 101, '30 Days Plan', '2022-05-15', -9999, '2022-06-14 13:47:39', 0),
(105, 104, 103, '30 Days Plan', '2022-05-15', -9999, '2022-06-14 13:47:42', 0),
(106, 107, 106, '30 Days Plan', '2022-05-15', -9999, '2022-06-14 13:47:33', 0),
(107, 111, 110, '30 Days Plan', '2022-05-15', -9999, '2022-06-14 13:47:29', 0),
(108, 114, 113, '60 Days Plan', '2022-05-15', 30, '2022-06-14 13:36:57', 0),
(109, 126, 116, '30 Days Plan', '2022-05-15', -9999, '2022-06-14 13:47:20', 0),
(110, 101, 100, '90 Days Plan', '2022-05-19', 15, '2022-06-03 17:01:10', 0),
(111, 108, 104, '30 Days Plan', '2022-05-19', -9998, '2022-06-18 09:33:29', 0),
(112, 124, 114, '30 Days Plan', '2022-05-19', -9998, '2022-06-18 09:33:29', 0),
(113, 125, 115, '60 Days Plan', '2022-05-19', 15, '2022-06-03 14:41:41', 0),
(114, 127, 117, '60 Days Plan', '2022-05-19', 15, '2022-06-03 14:40:23', 0),
(115, 129, 119, '60 Days Plan', '2022-05-19', 15, '2022-06-03 14:38:49', 0),
(116, 128, 118, '60 Days Plan', '2022-05-19', 15, '2022-06-03 17:02:20', 0),
(117, 131, 121, '60 Days Plan', '2022-05-19', 15, '2022-06-03 17:04:01', 0),
(118, 130, 120, '90 Days Plan', '2022-05-19', 15, '2022-06-03 17:10:00', 0),
(119, 134, 123, '30 Days Plan', '2022-05-19', -9998, '2022-06-18 09:33:29', 0),
(120, 132, 122, '30 Days Plan', '2022-05-19', -9998, '2022-06-18 09:33:29', 0),
(121, 135, 124, '60 Days Plan', '2022-05-19', 15, '2022-06-03 17:06:06', 0),
(122, 137, 126, '30 Days Plan', '2022-05-19', -9998, '2022-06-18 09:33:29', 0),
(123, 136, 125, '15 Days Plan', '2022-05-19', -9999, '2022-06-03 17:11:52', 0),
(124, 138, 127, '30 Days Plan', '2022-05-20', 15, '2022-06-04 05:47:28', 0),
(125, 139, 128, '30 Days Plan', '2022-05-21', 15, '2022-06-06 13:45:06', 0),
(126, 140, 129, '30 Days Plan', '2022-05-21', 15, '2022-06-06 13:46:45', 0),
(127, 142, 131, '30 Days Plan', '2022-05-21', 15, '2022-06-06 13:48:14', 0),
(128, 141, 130, '30 Days Plan', '2022-05-21', 15, '2022-06-06 13:50:10', 0),
(129, 143, 132, '180 Days Plan', '2022-05-21', 15, '2022-06-06 13:51:17', 0),
(130, 152, 140, '30 Days Plan', '2022-05-21', 15, '2022-06-06 13:52:37', 0),
(131, 144, 133, '30 Days Plan', '2022-05-23', 15, '2022-06-08 18:38:37', 0),
(132, 147, 136, '15 Days Plan', '2022-05-23', -9999, '2022-06-10 17:20:21', 0),
(133, 148, 137, '30 Days Plan', '2022-05-23', 15, '2022-06-08 18:39:53', 0),
(134, 149, 138, '30 Days Plan', '2022-05-23', 15, '2022-06-08 18:42:07', 0),
(135, 153, 141, '30 Days Plan', '2022-05-23', 15, '2022-06-08 18:44:40', 0),
(136, 145, 134, '30 Days Plan', '2022-05-23', 15, '2022-06-08 18:46:50', 0),
(137, 146, 135, '30 Days Plan', '2022-05-23', 15, '2022-06-08 18:52:22', 0),
(138, 155, 143, '30 Days Plan', '2022-05-26', 15, '2022-06-10 16:57:51', 0),
(139, 154, 142, '30 Days Plan', '2022-05-26', 15, '2022-06-10 16:56:45', 0),
(140, 156, 144, '30 Days Plan', '2022-05-26', 15, '2022-06-10 16:53:30', 0),
(141, 160, 149, '60 Days Plan', '2022-05-26', 15, '2022-06-10 16:59:11', 0),
(142, 157, 145, '30 Days Plan', '2022-05-26', 15, '2022-06-10 17:00:11', 0),
(143, 158, 146, '15 Days Plan', '2022-05-26', -9999, '2022-06-10 17:19:19', 0),
(144, 161, 148, '30 Days Plan', '2022-05-26', 15, '2022-06-10 17:01:29', 0),
(145, 161, 148, '30 Days Plan', '2022-05-26', 15, '2022-06-10 17:13:37', 0),
(146, 166, 154, '30 Days Plan', '2022-05-27', 15, '2022-06-11 17:12:55', 0),
(147, 165, 153, '30 Days Plan', '2022-05-28', 15, '2022-06-12 17:44:34', 0),
(148, 164, 152, '30 Days Plan', '2022-05-28', 15, '2022-06-12 17:44:31', 0),
(149, 162, 150, '15 Days Plan', '2022-05-29', -9999, '2022-06-14 13:44:11', 0),
(150, 163, 151, '30 Days Plan', '2022-05-29', 15, '2022-06-14 13:35:05', 0),
(151, 167, 155, '30 Days Plan', '2022-05-30', 15, '2022-06-14 13:24:24', 0),
(152, 168, 156, '30 Days Plan', '2022-05-30', 15, '2022-06-14 13:27:10', 0),
(153, 170, 157, '30 Days Plan', '2022-05-30', 15, '2022-06-14 13:29:08', 0),
(154, 171, 158, '30 Days Plan', '2022-05-30', 15, '2022-06-14 13:31:30', 0),
(155, 174, 161, '30 Days Plan', '2022-05-30', 15, '2022-06-14 13:32:54', 0),
(156, 173, 160, '30 Days Plan', '2022-06-02', 15, '2022-06-17 06:37:41', 0),
(157, 176, 163, '30 Days Plan', '2022-06-02', 15, '2022-06-17 06:47:38', 0),
(158, 177, 164, '30 Days Plan', '2022-06-02', 15, '2022-06-17 06:39:40', 0),
(159, 179, 166, '30 Days Plan', '2022-06-02', 15, '2022-06-17 06:41:51', 0),
(160, 180, 167, '15 Days Plan', '2022-06-02', -9999, '2022-06-17 15:57:01', 0),
(161, 178, 165, '60 Days Plan', '2022-06-02', 15, '2022-06-17 06:43:35', 0),
(162, 181, 168, '15 Days Plan', '2022-06-02', -9998, '2022-06-17 06:15:29', 0),
(163, 182, 169, '30 Days Plan', '2022-06-02', 15, '2022-06-17 06:44:36', 0),
(164, 185, 172, '120 Days Plan', '2022-06-02', 15, '2022-06-17 06:46:28', 0),
(165, 186, 173, '30 Days Plan', '2022-06-04', 7, '2022-06-11 17:09:13', 0),
(166, 188, 175, '30 Days Plan', '2022-06-04', 7, '2022-06-11 17:10:05', 0),
(167, 190, 178, '30 Days Plan', '2022-06-04', 7, '2022-06-11 17:11:25', 0),
(168, 184, 171, '30 Days Plan', '2022-06-05', 7, '2022-06-12 17:35:05', 0),
(169, 184, 171, '30 Days Plan', '2022-06-05', 7, '2022-06-12 17:35:27', 0),
(170, 187, 174, '30 Days Plan', '2022-06-05', 7, '2022-06-12 17:36:50', 0),
(171, 184, 171, '30 Days Plan', '2022-06-05', 7, '2022-06-12 17:44:20', 0),
(172, 189, 176, '30 Days Plan', '2022-06-05', 7, '2022-06-12 17:44:23', 0),
(173, 193, 180, '30 Days Plan', '2022-06-05', 7, '2022-06-12 17:44:27', 0),
(174, 197, 184, '30 Days Plan', '2022-06-06', 7, '2022-06-14 13:22:52', 0),
(175, 191, 177, '30 Days Plan', '2022-06-07', 7, '2022-06-14 13:19:21', 0),
(176, 195, 182, '60 Days Plan', '2022-06-07', 7, '2022-06-14 13:20:22', 0),
(177, 196, 183, '30 Days Plan', '2022-06-07', 7, '2022-06-14 13:21:47', 0),
(178, 198, 185, '30 Days Plan', '2022-06-07', 7, '2022-06-14 13:16:25', 0),
(179, 183, 170, '60 Days Plan', '2022-06-08', 7, '2022-06-15 17:28:17', 0),
(180, 200, 188, '30 Days Plan', '2022-06-08', 7, '2022-06-15 17:29:44', 0),
(181, 201, 187, '120 Days Plan', '2022-06-08', 7, '2022-06-15 17:32:05', 0),
(182, 204, 191, '30 Days Plan', '2022-06-08', 7, '2022-06-15 17:32:08', 0),
(183, 205, 192, '120 Days Plan', '2022-06-09', 7, '2022-06-17 06:35:39', 0),
(184, 206, 193, '60 Days Plan', '2022-06-09', 7, '2022-06-17 06:18:53', 0),
(185, 207, 195, '30 Days Plan', '2022-06-09', 7, '2022-06-17 06:32:39', 0),
(186, 208, 194, '30 Days Plan', '2022-06-09', 7, '2022-06-17 06:34:09', 0),
(187, 211, 198, '30 Days Plan', '2022-06-10', 7, '2022-06-17 06:18:49', 0),
(188, 214, 201, '30 Days Plan', '2022-06-11', 0, '2022-06-10 03:53:33', 0),
(189, 216, 203, '30 Days Plan', '2022-06-11', 0, '2022-06-10 03:53:39', 0),
(190, 210, 197, '30 Days Plan', '2022-06-14', 0, '2022-06-13 02:58:09', 0),
(191, 199, 189, '30 Days Plan', '2022-06-14', 0, '2022-06-13 02:58:46', 0),
(192, 203, 190, '30 Days Plan', '2022-06-14', 0, '2022-06-13 02:58:56', 0),
(193, 209, 196, '30 Days Plan', '2022-06-14', 0, '2022-06-13 02:59:25', 0),
(194, 213, 200, '30 Days Plan', '2022-06-15', 0, '2022-06-14 03:52:06', 0),
(195, 222, 209, '30 Days Plan', '2022-06-15', 0, '2022-06-14 03:52:31', 0),
(196, 218, 205, '30 Days Plan', '2022-06-17', 0, '2022-06-15 04:11:35', 0),
(197, 219, 206, '30 Days Plan', '2022-06-17', 0, '2022-06-15 04:11:41', 0),
(198, 221, 208, '30 Days Plan', '2022-06-17', 0, '2022-06-15 04:11:58', 0),
(199, 225, 210, '60 Days Plan', '2022-06-17', 0, '2022-06-15 04:12:04', 0),
(200, 226, 213, '90 Days Plan', '2022-06-17', 0, '2022-06-15 04:12:10', 0),
(201, 227, 214, '60 Days Plan', '2022-06-17', 0, '2022-06-15 04:12:23', 0),
(202, 228, 215, '60 Days Plan', '2022-06-17', 0, '2022-06-15 04:12:37', 0),
(203, 212, 199, '30 Days Plan', '2022-06-17', 0, '2022-06-16 03:50:20', 0),
(204, 229, 216, '30 Days Plan', '2022-06-17', 0, '2022-06-16 03:50:45', 0),
(205, 231, 218, '30 Days Plan', '2022-06-17', 0, '2022-06-16 03:50:50', 0),
(206, 234, 221, '30 Days Plan', '2022-06-17', 0, '2022-06-16 03:50:56', 0),
(207, 235, 222, '30 Days Plan', '2022-06-17', 0, '2022-06-16 03:51:35', 0),
(208, 230, 217, '30 Days Plan', '2022-06-19', 0, '2022-06-17 08:03:24', 0),
(209, 237, 224, '30 Days Plan', '2022-06-19', 0, '2022-06-17 08:03:42', 0),
(210, 238, 225, '30 Days Plan', '2022-06-19', 0, '2022-06-17 08:04:01', 0),
(211, 240, 226, '60 Days Plan', '2022-06-19', 0, '2022-06-17 08:04:12', 0),
(212, 241, 227, '60 Days Plan', '2022-06-19', 0, '2022-06-17 08:04:47', 0);

-- --------------------------------------------------------

--
-- Table structure for table `payment`
--

CREATE TABLE `payment` (
  `payment_id` int(11) NOT NULL,
  `amount` int(11) DEFAULT NULL,
  `payment_date` datetime DEFAULT current_timestamp(),
  `payment_method` varchar(30) DEFAULT NULL,
  `CreatedOrModified` timestamp NOT NULL DEFAULT current_timestamp() ON UPDATE current_timestamp()
) ENGINE=InnoDB DEFAULT CHARSET=latin1;

--
-- Dumping data for table `payment`
--

INSERT INTO `payment` (`payment_id`, `amount`, `payment_date`, `payment_method`, `CreatedOrModified`) VALUES
(1, 1800, '2022-03-26 00:00:00', 'JazzCash Fazal Ur Rehman 03047', '2022-05-08 13:44:40'),
(2, 3150, '2022-03-26 00:00:00', 'EasyPaisa Mahnoor 03130822222', '2022-05-08 13:44:40'),
(3, 2000, '2022-03-27 00:00:00', 'JazzCash Tanzeel Ur Rehman 034', '2022-05-08 13:44:40'),
(4, 2000, '2022-03-27 00:00:00', 'JazzCash Tanzeel Ur Rehman 034', '2022-05-08 13:44:40'),
(5, 3500, '2022-03-27 00:00:00', 'EasyPaisa Mahnoor 03130822222', '2022-05-08 13:44:40'),
(6, 2000, '2022-03-28 00:00:00', 'MBL Mahnoor 14050103758181', '2022-05-08 13:44:40'),
(7, 2000, '2022-03-28 00:00:00', 'JazzCash Sharjeel Ur Rehman 03', '2022-05-08 13:44:40'),
(8, 3500, '2022-03-28 00:00:00', 'MBL Mahnoor 14050103758181', '2022-05-08 13:44:40'),
(9, 2000, '2022-03-29 00:00:00', 'MBL Mahnoor 14050103758181', '2022-05-08 13:44:40'),
(10, 2000, '2022-03-29 00:00:00', 'EasyPaisa Mahnoor 03130822222', '2022-05-08 13:44:40'),
(11, 2000, '2022-03-29 00:00:00', 'MBL Mahnoor 14050103758181', '2022-05-08 13:44:40'),
(12, 2000, '2022-03-29 00:00:00', 'JazzCash Tanzeel Ur Rehman 034', '2022-05-08 13:44:40'),
(13, 2000, '2022-03-30 00:00:00', 'MBL Mahnoor 14050103758181', '2022-05-08 13:44:40'),
(14, 2000, '2022-03-30 00:00:00', 'JazzCash Sharjeel Ur Rehman 03', '2022-05-08 13:44:40'),
(15, 6000, '2022-03-31 00:00:00', 'MBL Mahnoor 14050103758181', '2022-05-08 13:44:40'),
(16, 2000, '2022-04-02 00:00:00', 'MBL Tanzeel Ur Rehman 14050103', '2022-05-08 13:44:40'),
(17, 2000, '2022-04-02 00:00:00', 'EasyPaisa Mahnoor 03130822222', '2022-05-08 13:44:40'),
(18, 1800, '2022-04-02 00:00:00', 'EasyPaisa Mahnoor 03130822222', '2022-05-08 13:44:40'),
(19, 1500, '2022-04-02 00:00:00', 'MBL Mahnoor 14050103758181', '2022-05-08 13:44:40'),
(20, 2000, '2022-04-02 00:00:00', 'EasyPaisa Mahnoor 03130822222', '2022-05-08 13:44:40'),
(21, 1800, '2022-04-02 00:00:00', 'JazzCash Sharjeel Ur Rehman 03', '2022-05-08 13:44:40'),
(22, 2000, '2022-04-04 00:00:00', 'EasyPaisa Mahnoor 03130822222', '2022-05-08 13:44:40'),
(23, 3500, '2022-04-04 00:00:00', 'EasyPaisa Mahnoor 03130822222', '2022-05-08 13:44:40'),
(24, 2000, '2022-04-05 00:00:00', 'EasyPaisa Mahnoor 03130822222', '2022-05-08 13:44:40'),
(25, 2800, '2022-04-05 00:00:00', 'JazzCash Sharjeel Ur Rehman 03', '2022-05-08 13:44:40'),
(26, 5000, '2022-04-05 00:00:00', 'JazzCash Tanzeel Ur Rehman 034', '2022-05-08 13:44:40'),
(27, 2000, '2022-04-06 00:00:00', 'MBL Mahnoor 14050103758181', '2022-05-08 13:44:40'),
(28, 2000, '2022-04-06 00:00:00', 'MBL Mahnoor 14050103758181', '2022-05-08 13:44:40'),
(29, 2000, '2022-04-06 00:00:00', 'JazzCash Tanzeel Ur Rehman 034', '2022-05-08 13:44:40'),
(30, 2000, '2022-04-06 00:00:00', 'MBL Mahnoor 14050103758181', '2022-05-08 13:44:40'),
(31, 2000, '2022-04-07 00:00:00', 'MBL Mahnoor 14050103758181', '2022-05-08 13:44:40'),
(32, 2000, '2022-04-07 00:00:00', 'MBL Mahnoor 14050103758181', '2022-05-08 13:44:40'),
(33, 1600, '2022-04-08 00:00:00', 'EasyPaisa Zunaira Saif 0306700', '2022-05-08 13:44:40'),
(34, 2000, '2022-04-09 00:00:00', 'MBL Mahnoor 14050103758181', '2022-05-08 13:44:40'),
(35, 2000, '2022-04-09 00:00:00', 'EasyPaisa Zunaira Saif 0306700', '2022-05-08 13:44:40'),
(36, 2000, '2022-04-09 00:00:00', 'JazzCash Sharjeel Ur Rehman 03', '2022-05-08 13:44:40'),
(37, 4000, '2022-04-09 00:00:00', 'MBL Mahnoor 14050103758181', '2022-05-08 13:44:40'),
(38, 2000, '2022-04-11 00:00:00', 'EasyPaisa Mahnoor 03130822222', '2022-05-08 13:44:40'),
(39, 4500, '2022-04-12 00:00:00', 'EasyPaisa Mahnoor 03130822222', '2022-05-08 13:44:40'),
(40, 2000, '2022-04-12 00:00:00', 'MBL Mahnoor 14050103758181', '2022-05-08 13:44:40'),
(41, 6156, '2022-04-13 00:00:00', 'MBL Mahnoor 14050103758181', '2022-05-08 13:44:40'),
(42, 2000, '2022-04-13 00:00:00', 'JazzCash Sharjeel Ur Rehman 03', '2022-05-08 13:44:40'),
(43, 2000, '2022-04-14 00:00:00', 'EasyPaisa Mahnoor 03130822222', '2022-05-08 13:44:40'),
(44, 1500, '2022-04-14 00:00:00', 'EasyPaisa Mahnoor 03130822222', '2022-05-08 13:44:40'),
(45, 3500, '2022-04-14 00:00:00', 'JazzCash Sharjeel Ur Rehman 03', '2022-05-08 13:44:40'),
(46, 3125, '2022-04-15 00:00:00', 'MBL Mahnoor 14050103758181', '2022-05-08 13:44:40'),
(47, 2000, '2022-04-16 00:00:00', 'MBL Mahnoor 14050103758181', '2022-05-08 13:44:40'),
(48, 1500, '2022-04-15 00:00:00', 'JazzCash Tanzeel Ur Rehman 034', '2022-05-08 13:44:40'),
(49, 3500, '2022-04-16 00:00:00', 'MBL Tanzeel Ur Rehman 14050103', '2022-05-08 13:44:40'),
(50, 2000, '2022-04-16 00:00:00', 'EasyPaisa Mahnoor 03130822222', '2022-05-08 13:44:40'),
(51, 2000, '2022-04-16 00:00:00', 'MBL Mahnoor 14050103758181', '2022-05-08 13:44:40'),
(52, 2500, '2022-04-17 00:00:00', 'EasyPaisa Sharjeel Ur Rehman 0', '2022-05-08 13:44:40'),
(53, 2000, '2022-04-18 00:00:00', 'EasyPaisa Zunaira Saif 0306700', '2022-05-08 13:44:40'),
(54, 0, '2022-04-18 00:00:00', 'EasyPaisa Mahnoor 03130822222', '2022-05-08 13:44:40'),
(55, 2000, '2022-04-19 00:00:00', 'MBL Mahnoor 14050103758181', '2022-05-08 13:44:40'),
(56, 2000, '2022-04-19 00:00:00', 'EasyPaisa Zunaira Saif 0306700', '2022-05-08 13:44:40'),
(57, 0, '2022-04-20 00:00:00', 'EasyPaisa Mahnoor 03130822222', '2022-05-08 13:44:40'),
(58, 2000, '2022-04-21 00:00:00', 'EasyPaisa Mahnoor 03130822222', '2022-05-08 13:44:40'),
(59, 2500, '2022-04-21 00:00:00', 'JazzCash Sharjeel Ur Rehman 03', '2022-05-08 13:44:40'),
(60, 2500, '2022-04-22 00:00:00', 'MBL Mahnoor 14050103758181', '2022-05-08 13:44:40'),
(61, 2000, '2022-04-22 00:00:00', 'EasyPaisa Mahnoor 03130822222', '2022-05-08 13:44:40'),
(62, 2000, '2022-04-22 00:00:00', 'JazzCash Fazal Ur Rehman 03047', '2022-05-08 13:44:40'),
(63, 2000, '2022-04-23 00:00:00', 'EasyPaisa Mahnoor 03130822222', '2022-05-08 13:44:40'),
(64, 1500, '2022-04-24 00:00:00', 'JazzCash Tanzeel Ur Rehman 034', '2022-05-08 13:44:40'),
(65, 4500, '2022-04-25 00:00:00', 'MBL Mahnoor 14050103758181', '2022-05-08 13:44:40'),
(66, 4500, '2022-04-25 00:00:00', 'MBL Mahnoor 14050103758181', '2022-05-08 13:44:40'),
(67, 6000, '2022-04-25 00:00:00', 'EasyPaisa Mahnoor 03130822222', '2022-05-08 13:44:40'),
(68, 1500, '2022-04-25 00:00:00', 'EasyPaisa Mahnoor 03130822222', '2022-05-08 13:44:40'),
(69, 2000, '2022-04-26 00:00:00', 'EasyPaisa Mahnoor 03130822222', '2022-05-08 13:44:40'),
(70, 2000, '2022-04-26 00:00:00', 'MBL Mahnoor 14050103758181', '2022-05-08 13:44:40'),
(71, 2000, '2022-04-27 00:00:00', 'MBL Mahnoor 14050103758181', '2022-05-08 13:44:40'),
(72, 1800, '2022-04-27 00:00:00', 'MBL Tanzeel Ur Rehman 14050103', '2022-05-08 13:44:40'),
(73, 3000, '2022-04-28 00:00:00', 'MBL Mahnoor 14050103758181', '2022-05-08 13:44:40'),
(74, 0, '2022-04-28 00:00:00', 'EasyPaisa Mahnoor 03130822222', '2022-05-08 13:44:40'),
(75, 0, '2022-04-28 00:00:00', 'EasyPaisa Mahnoor 03130822222', '2022-05-08 13:44:40'),
(76, 2000, '2022-05-01 00:00:00', 'EasyPaisa Sharjeel Ur Rehman 0', '2022-05-08 13:44:40'),
(77, 1800, '2022-05-05 00:00:00', 'MBL Mahnoor 14050103758181', '2022-05-08 13:44:40'),
(78, 2000, '2022-05-05 00:00:00', 'MBL Mahnoor 14050103758181', '2022-05-08 13:44:40'),
(79, 2000, '2022-05-05 00:00:00', 'MBL Mahnoor 14050103758181', '2022-05-08 13:44:40'),
(80, 2000, '2022-05-05 00:00:00', 'MBL Mahnoor 14050103758181', '2022-05-08 13:44:40'),
(81, 2000, '2022-05-05 00:00:00', 'EasyPaisa Mahnoor 03130822222', '2022-05-08 13:44:40'),
(82, 2500, '2022-05-06 00:00:00', 'MBL Tanzeel Ur Rehman 14050103', '2022-05-08 13:44:40'),
(83, 3500, '2022-05-05 00:00:00', 'MBL Mahnoor 14050103758181', '2022-05-08 13:44:40'),
(84, 2000, '2022-05-06 00:00:00', 'JazzCash Sharjeel Ur Rehman 03', '2022-05-08 13:44:40'),
(85, 2000, '2022-05-06 00:00:00', 'EasyPaisa Zunaira Saif 0306700', '2022-05-08 13:44:40'),
(86, 2000, '2022-05-06 00:00:00', 'MBL Tanzeel Ur Rehman 14050103', '2022-05-08 13:44:40'),
(87, 1500, '2022-05-06 00:00:00', 'MBL Mahnoor 14050103758181', '2022-05-08 13:44:40'),
(88, 2000, '2022-05-07 00:00:00', 'MBL Mahnoor 14050103758181', '2022-05-08 13:44:40'),
(89, 0, '2022-05-07 00:00:00', 'Other', '2022-05-08 13:44:40'),
(90, 3000, '2022-05-07 00:00:00', 'MBL Mahnoor 14050103758181', '2022-05-08 13:44:40'),
(91, 3500, '2022-05-07 00:00:00', 'EasyPaisa Zunaira Saif 0306700', '2022-05-08 13:44:40'),
(92, 2000, '2022-05-07 00:00:00', 'MBL Mahnoor 14050103758181', '2022-05-08 13:44:40'),
(93, 2000, '2022-05-06 00:00:00', 'MBL Mahnoor 14050103758181', '2022-05-08 13:44:40'),
(94, 2000, '2022-05-07 00:00:00', 'MBL Mahnoor 14050103758181', '2022-05-08 13:44:40'),
(95, 2000, '2022-05-07 00:00:00', 'EasyPaisa Zunaira Saif 0306700', '2022-05-08 13:44:40'),
(96, 3500, '2022-05-08 00:00:00', 'JazzCash Sharjeel Ur Rehman 03', '2022-05-08 13:44:40'),
(97, 2500, '2022-05-08 00:00:00', 'MBL Tanzeel Ur Rehman 14050103', '2022-05-08 13:44:40'),
(98, 3500, '2022-05-08 00:00:00', 'MBL Mahnoor 14050103758181', '2022-05-08 16:23:55'),
(99, 0, '2022-05-08 00:00:00', 'EasyPaisa Mahnoor 03130822222', '2022-05-08 18:00:26'),
(100, 6000, '2022-05-08 00:00:00', 'MBL Tanzeel Ur Rehman 14050103', '2022-05-08 18:51:01'),
(101, 2000, '2022-05-09 00:00:00', 'MBL Mahnoor 14050103758181', '2022-05-09 16:31:34'),
(102, 2000, '2022-05-09 00:00:00', 'EasyPaisa Mahnoor 03130822222', '2022-05-09 16:31:39'),
(103, 2000, '2022-05-09 00:00:00', 'MBL Tanzeel Ur Rehman 14050103', '2022-05-09 16:31:43'),
(104, 2000, '2022-05-10 00:00:00', 'JazzCash Sharjeel Ur Rehman 03', '2022-05-10 10:55:17'),
(105, 2000, '2022-05-10 00:00:00', 'MBL Mahnoor 14050103758181', '2022-05-10 10:55:27'),
(106, 2000, '2022-05-10 00:00:00', 'MBL Mahnoor 14050103758181', '2022-05-10 10:55:31'),
(107, 2000, '2022-05-10 00:00:00', 'MBL Mahnoor 14050103758181', '2022-05-10 10:55:35'),
(108, 4700, '2022-05-10 00:00:00', 'EasyPaisa Mahnoor 03130822222', '2022-05-10 16:46:36'),
(109, 2000, '2022-05-10 00:00:00', 'JazzCash Fazal Ur Rehman 03047', '2022-05-10 16:46:45'),
(110, 2000, '2022-05-10 00:00:00', 'JazzCash Sharjeel Ur Rehman 03', '2022-05-10 16:46:49'),
(111, 2000, '2022-05-11 00:00:00', 'EasyPaisa Mahnoor 03130822222', '2022-05-10 19:24:50'),
(112, 2000, '2022-05-11 00:00:00', 'MBL Mahnoor 14050103758181', '2022-05-11 13:50:26'),
(113, 3500, '2022-05-11 00:00:00', 'EasyPaisa Zunaira Saif 0306700', '2022-05-11 13:50:33'),
(114, 2500, '2022-05-13 00:00:00', 'EasyPaisa Mahnoor 03130822222', '2022-05-12 20:26:56'),
(115, 3500, '2022-05-13 00:00:00', 'MBL Mahnoor 14050103758181', '2022-05-12 20:31:42'),
(116, 2000, '2022-05-13 00:00:00', 'EasyPaisa Mahnoor 03130822222', '2022-05-12 20:34:31'),
(117, 3500, '2022-05-13 00:00:00', 'EasyPaisa Mahnoor 03130822222', '2022-05-12 20:38:09'),
(118, 3500, '2022-05-13 00:00:00', 'MBL Mahnoor 14050103758181', '2022-05-12 20:39:23'),
(119, 4000, '2022-05-13 00:00:00', 'MBL Mahnoor 14050103758181', '2022-05-13 08:06:54'),
(120, 5500, '2022-05-13 00:00:00', 'MBL Mahnoor 14050103758181', '2022-05-13 11:51:11'),
(121, 3500, '2022-05-13 00:00:00', 'MBL Mahnoor 14050103758181', '2022-05-13 17:20:20'),
(122, 2040, '2022-05-13 00:00:00', 'JazzCash Sharjeel Ur Rehman 03', '2022-05-13 17:35:53'),
(123, 2000, '2022-05-13 00:00:00', 'JazzCash Tanzeel Ur Rehman 034', '2022-05-13 18:00:41'),
(124, 4093, '2022-05-13 00:00:00', 'MBL Mahnoor 14050103758181', '2022-05-13 18:20:40'),
(125, 1500, '2022-05-14 00:00:00', 'EasyPaisa Mahnoor 03130822222', '2022-05-14 16:05:52'),
(126, 2000, '2022-05-14 00:00:00', 'EasyPaisa Mahnoor 03130822222', '2022-05-14 16:06:01'),
(127, 2000, '2022-05-14 00:00:00', 'JazzCash Tanzeel Ur Rehman 034', '2022-05-14 16:14:36'),
(128, 2000, '2022-05-15 00:00:00', 'EasyPaisa Mahnoor 03130822222', '2022-05-15 07:58:46'),
(129, 1800, '2022-05-15 00:00:00', 'EasyPaisa Mahnoor 03130822222', '2022-05-15 11:25:56'),
(130, 2000, '2022-05-15 00:00:00', 'EasyPaisa Mahnoor 03130822222', '2022-05-15 11:26:00'),
(131, 2000, '2022-05-16 00:00:00', 'MBL Tanzeel Ur Rehman 14050103', '2022-05-16 12:32:59'),
(132, 10000, '2022-05-16 00:00:00', 'EasyPaisa Mahnoor 03130822222', '2022-05-16 12:33:03'),
(133, 2000, '2022-05-17 00:00:00', 'JazzCash Sharjeel Ur Rehman 03', '2022-05-16 20:02:01'),
(134, 2000, '2022-05-17 00:00:00', 'JazzCash Sharjeel Ur Rehman 03', '2022-05-17 06:38:55'),
(135, 2000, '2022-05-17 00:00:00', 'EasyPaisa Zunaira Saif 0306700', '2022-05-17 15:29:46'),
(136, 1500, '2022-05-17 00:00:00', 'EasyPaisa Sharjeel Ur Rehman 0', '2022-05-17 17:36:19'),
(137, 2000, '2022-05-17 00:00:00', 'EasyPaisa Mahnoor 03130822222', '2022-05-17 17:36:25'),
(138, 2000, '2022-05-17 00:00:00', 'MBL Mahnoor 14050103758181', '2022-05-17 17:36:32'),
(139, 2000, '2022-05-18 00:00:00', 'EasyPaisa Mahnoor 03130822222', '2022-05-17 20:54:04'),
(140, 2000, '2022-05-18 00:00:00', 'MBL Mahnoor 14050103758181', '2022-05-17 20:54:10'),
(141, 2000, '2022-05-18 00:00:00', 'EasyPaisa Mahnoor 03130822222', '2022-05-18 06:53:30'),
(142, 2000, '2022-05-18 00:00:00', 'MBL Mahnoor 14050103758181', '2022-05-18 16:19:42'),
(143, 2000, '2022-05-18 00:00:00', 'EasyPaisa Mahnoor 03130822222', '2022-05-18 16:42:50'),
(144, 2000, '2022-05-19 00:00:00', 'EasyPaisa Mahnoor 03130822222', '2022-05-19 17:01:11'),
(145, 2000, '2022-05-20 00:00:00', 'MBL Mahnoor 14050103758181', '2022-05-20 17:00:47'),
(146, 1500, '2022-05-20 00:00:00', 'EasyPaisa Mahnoor 03130822222', '2022-05-20 17:05:43'),
(147, 0, '2022-05-21 00:00:00', 'EasyPaisa Mahnoor 03130822222', '2022-05-21 06:45:21'),
(148, 2000, '2022-05-21 00:00:00', 'EasyPaisa Mahnoor 03130822222', '2022-05-21 18:12:58'),
(149, 2500, '2022-05-21 00:00:00', 'JazzCash Tanzeel Ur Rehman 034', '2022-05-21 21:01:40'),
(150, 1500, '2022-05-22 00:00:00', 'JazzCash Sharjeel Ur Rehman 03', '2022-05-22 15:48:36'),
(151, 2000, '2022-05-22 00:00:00', 'EasyPaisa Mahnoor 03130822222', '2022-05-22 15:48:38'),
(152, 2000, '2022-05-23 00:00:00', 'MBL Mahnoor 14050103758181', '2022-05-23 12:41:12'),
(153, 2000, '2022-05-23 00:00:00', 'EasyPaisa Mahnoor 03130822222', '2022-05-23 12:41:21'),
(154, 2000, '2022-05-23 00:00:00', 'JazzCash Sharjeel Ur Rehman 03', '2022-05-23 12:41:31'),
(155, 2000, '2022-05-24 00:00:00', 'EasyPaisa Mahnoor 03130822222', '2022-05-25 05:34:33'),
(156, 2000, '2022-05-25 00:00:00', 'MBL Tanzeel Ur Rehman 14050103', '2022-05-25 16:28:54'),
(157, 2000, '2022-05-25 00:00:00', 'EasyPaisa Sharjeel Ur Rehman 0', '2022-05-25 17:00:36'),
(158, 2000, '2022-05-25 00:00:00', 'JazzCash Fazal Ur Rehman 03047', '2022-05-25 18:26:26'),
(159, 0, '2022-05-25 00:00:00', 'EasyPaisa Mahnoor 03130822222', '2022-05-26 06:32:51'),
(160, 2000, '2022-05-26 00:00:00', 'MBL Mahnoor 14050103758181', '2022-05-26 06:32:56'),
(161, 1800, '2022-05-26 00:00:00', 'MBL Mahnoor 14050103758181', '2022-05-26 11:02:30'),
(162, 2000, '2022-05-26 00:00:00', 'EasyPaisa Mahnoor 03130822222', '2022-05-26 18:04:01'),
(163, 2000, '2022-05-26 00:00:00', 'EasyPaisa Sharjeel Ur Rehman 0', '2022-05-26 18:10:09'),
(164, 2000, '2022-05-26 00:00:00', 'JazzCash Fazal Ur Rehman 03047', '2022-05-26 18:10:18'),
(165, 3500, '2022-05-27 00:00:00', 'JazzCash Fazal Ur Rehman 03047', '2022-05-27 07:06:19'),
(166, 1500, '2022-05-27 00:00:00', 'EasyPaisa Fazal Ur Rehman 0304', '2022-05-27 11:57:05'),
(167, 1500, '2022-05-27 00:00:00', 'EasyPaisa Sharjeel Ur Rehman 0', '2022-05-27 11:57:11'),
(168, 1350, '2022-05-27 00:00:00', 'JazzCash Sharjeel Ur Rehman 03', '2022-05-27 15:58:09'),
(169, 2000, '2022-05-27 00:00:00', 'EasyPaisa Mahnoor 03130822222', '2022-05-27 18:36:33'),
(170, 3000, '2022-05-28 00:00:00', 'MBL Mahnoor 14050103758181', '2022-05-28 07:26:24'),
(171, 0, '2022-05-28 00:00:00', 'EasyPaisa Mahnoor 03130822222', '2022-05-28 11:34:40'),
(172, 5400, '2022-05-29 00:00:00', 'MBL Tanzeel Ur Rehman 14050103', '2022-05-29 11:31:13'),
(173, 2000, '2022-05-29 00:00:00', 'EasyPaisa Mahnoor 03130822222', '2022-05-29 11:31:19'),
(174, 2000, '2022-05-29 00:00:00', 'MBL Tanzeel Ur Rehman 14050103', '2022-05-29 11:31:27'),
(175, 2000, '2022-05-29 00:00:00', 'EasyPaisa Mahnoor 03130822222', '2022-05-29 16:14:05'),
(176, 2000, '2022-05-30 00:00:00', 'EasyPaisa Zunaira Saif 0306700', '2022-05-30 16:46:52'),
(177, 2000, '2022-05-30 00:00:00', 'MBL Mahnoor 14050103758181', '2022-05-30 16:47:29'),
(178, 2500, '2022-05-30 00:00:00', 'EasyPaisa Zunaira Saif 0306700', '2022-05-30 17:02:15'),
(179, 3500, '2022-05-31 00:00:00', 'EasyPaisa Mahnoor 03130822222', '2022-05-31 11:08:08'),
(180, 2000, '2022-05-31 00:00:00', 'MBL Mahnoor 14050103758181', '2022-05-31 11:08:14'),
(181, 5000, '2022-05-31 00:00:00', 'MBL Mahnoor 14050103758181', '2022-05-31 11:08:38'),
(182, 3500, '2022-05-31 00:00:00', 'EasyPaisa Zunaira Saif 0306700', '2022-05-31 12:43:47'),
(183, 2250, '2022-06-01 00:00:00', 'MBL Mahnoor 14050103758181', '2022-06-02 14:54:52'),
(184, 2500, '2022-06-01 00:00:00', 'JazzCash Tanzeel Ur Rehman 034', '2022-06-02 14:55:02'),
(185, 2000, '2022-06-02 00:00:00', 'MBL Mahnoor 14050103758181', '2022-06-02 14:55:11'),
(186, 0, '2022-06-03 00:00:00', 'EasyPaisa Mahnoor 03130822222', '2022-06-03 06:45:51'),
(187, 4500, '2022-06-03 00:00:00', 'MBL Tanzeel Ur Rehman 14050103', '2022-06-03 06:46:02'),
(188, 2000, '2022-06-02 00:00:00', 'JazzCash Sharjeel Ur Rehman 03', '2022-06-03 06:46:13'),
(189, 2000, '2022-06-02 00:00:00', 'EasyPaisa Mahnoor 03130822222', '2022-06-03 06:47:24'),
(190, 0, '2022-06-03 00:00:00', 'EasyPaisa Mahnoor 03130822222', '2022-06-04 07:45:15'),
(191, 0, '2022-06-03 00:00:00', 'EasyPaisa Mahnoor 03130822222', '2022-06-04 07:45:26'),
(192, 6500, '2022-06-03 00:00:00', 'MBL Tanzeel Ur Rehman 14050103', '2022-06-04 07:45:33'),
(193, 3500, '2022-06-04 00:00:00', 'EasyPaisa Zunaira Saif 0306700', '2022-06-05 06:57:26'),
(194, 2500, '2022-06-05 00:00:00', 'EasyPaisa Mahnoor 03130822222', '2022-06-05 07:30:12'),
(195, 2500, '2022-06-05 00:00:00', 'MBL Tanzeel Ur Rehman 14050103', '2022-06-05 07:50:23'),
(196, 1800, '2022-06-05 00:00:00', 'EasyPaisa Mahnoor 03130822222', '2022-06-05 14:10:49'),
(197, 1800, '2022-06-07 00:00:00', 'MBL Mahnoor 14050103758181', '2022-06-07 11:01:15'),
(198, 3000, '2022-06-07 00:00:00', 'MBL Mahnoor 14050103758181', '2022-06-08 09:33:50'),
(199, 0, '2022-06-08 00:00:00', 'EasyPaisa Mahnoor 03130822222', '2022-06-08 09:34:11'),
(200, 2500, '2022-06-08 00:00:00', 'MBL Mahnoor 14050103758181', '2022-06-08 09:34:16'),
(201, 2500, '2022-06-08 00:00:00', 'MBL Mahnoor 14050103758181', '2022-06-08 10:59:42'),
(202, 0, '2022-06-08 00:00:00', 'EasyPaisa Mahnoor 03130822222', '2022-06-08 10:59:49'),
(203, 2000, '2022-06-08 00:00:00', 'EasyPaisa Mahnoor 03130822222', '2022-06-08 16:16:29'),
(204, 1500, '2022-06-08 00:00:00', 'JazzCash Sharjeel Ur Rehman 03', '2022-06-10 07:46:31'),
(205, 2500, '2022-06-09 00:00:00', 'MBL Mahnoor 14050103758181', '2022-06-10 07:46:36'),
(206, 2500, '2022-06-09 00:00:00', 'MBL Mahnoor 14050103758181', '2022-06-10 07:46:42'),
(207, 2500, '2022-06-09 00:00:00', 'MBL Mahnoor 14050103758181', '2022-06-10 07:46:56'),
(208, 2000, '2022-06-09 00:00:00', 'EasyPaisa Zunaira Saif 0306700', '2022-06-10 07:47:06'),
(209, 2000, '2022-06-10 00:00:00', 'MBL Mahnoor 14050103758181', '2022-06-10 07:47:12'),
(210, 7100, '2022-06-09 00:00:00', 'MBL Mahnoor 14050103758181', '2022-06-10 14:40:53'),
(211, 0, '2022-06-10 00:00:00', 'EasyPaisa Mahnoor 03130822222', '2022-06-10 14:41:00'),
(212, 0, '2022-06-10 00:00:00', 'EasyPaisa Mahnoor 03130822222', '2022-06-10 14:41:06'),
(213, 5000, '2022-06-09 00:00:00', 'MBL Mahnoor 14050103758181', '2022-06-10 15:59:05'),
(214, 3500, '2022-06-10 00:00:00', 'MBL Tanzeel Ur Rehman 14050103', '2022-06-11 06:04:00'),
(215, 3500, '2022-06-11 00:00:00', 'EasyPaisa Zunaira Saif 0306700', '2022-06-12 08:03:59'),
(216, 2000, '2022-06-12 00:00:00', 'EasyPaisa Mahnoor 03130822222', '2022-06-12 11:10:33'),
(217, 2000, '2022-06-12 00:00:00', 'JazzCash Tanzeel Ur Rehman 034', '2022-06-13 11:21:18'),
(218, 2500, '2022-06-13 00:00:00', 'MBL Mahnoor 14050103758181', '2022-06-13 18:28:57'),
(219, 2000, '2022-06-13 00:00:00', 'JazzCash Sharjeel Ur Rehman 03', '2022-06-13 18:29:35'),
(220, 2000, '2022-06-13 00:00:00', 'MBL Mahnoor 14050103758181', '2022-06-13 18:30:04'),
(221, 2000, '2022-06-13 00:00:00', 'EasyPaisa Mahnoor 03130822222', '2022-06-13 18:30:19'),
(222, 1800, '2022-06-13 00:00:00', 'MBL Mahnoor 14050103758181', '2022-06-13 18:30:27'),
(223, 0, '2022-06-14 00:00:00', 'EasyPaisa Mahnoor 03130822222', '2022-06-14 05:40:25'),
(224, 2000, '2022-06-14 00:00:00', 'EasyPaisa Mahnoor 03130822222', '2022-06-14 07:24:11'),
(225, 2000, '2022-06-14 00:00:00', 'MBL Mahnoor 14050103758181', '2022-06-14 13:50:21'),
(226, 3500, '2022-06-15 00:00:00', 'EasyPaisa Mahnoor 03130822222', '2022-06-15 10:43:20'),
(227, 3500, '2022-06-15 00:00:00', 'EasyPaisa Mahnoor 03130822222', '2022-06-15 17:39:29'),
(228, 2000, '2022-06-17 00:00:00', 'EasyPaisa Zunaira Saif 0306700', '2022-06-17 15:11:21'),
(229, 3500, '2022-06-17 00:00:00', 'MBL Mahnoor 14050103758181', '2022-06-17 15:11:30');

-- --------------------------------------------------------

--
-- Table structure for table `payment_approvals`
--

CREATE TABLE `payment_approvals` (
  `approval_id` int(11) NOT NULL,
  `client_id` int(11) DEFAULT NULL,
  `amount` int(11) DEFAULT NULL,
  `payment_slip` text COLLATE utf8_unicode_ci DEFAULT NULL,
  `purpose` varchar(30) COLLATE utf8_unicode_ci DEFAULT NULL,
  `payment_method` varchar(30) COLLATE utf8_unicode_ci DEFAULT NULL,
  `phone` varchar(30) COLLATE utf8_unicode_ci DEFAULT NULL,
  `insta_id` varchar(30) COLLATE utf8_unicode_ci DEFAULT NULL,
  `status` varchar(30) COLLATE utf8_unicode_ci DEFAULT NULL,
  `clienttype` varchar(30) COLLATE utf8_unicode_ci DEFAULT NULL,
  `payment_date` date DEFAULT NULL,
  `remarks` varchar(1000) COLLATE utf8_unicode_ci DEFAULT NULL,
  `payment_id` int(11) DEFAULT NULL,
  `CreatedOrModified` timestamp NOT NULL DEFAULT current_timestamp() ON UPDATE current_timestamp()
) ENGINE=InnoDB DEFAULT CHARSET=utf8 COLLATE=utf8_unicode_ci;

--
-- Dumping data for table `payment_approvals`
--

INSERT INTO `payment_approvals` (`approval_id`, `client_id`, `amount`, `payment_slip`, `purpose`, `payment_method`, `phone`, `insta_id`, `status`, `clienttype`, `payment_date`, `remarks`, `payment_id`, `CreatedOrModified`) VALUES
(2, 2, 1800, '2.jpeg', '30 Days Plan', 'JazzCash Fazal Ur Rehman 03047', '03136731684', 'jiya.adeel.31', 'planshared', 'Old', '2022-03-26', '', 1, '2022-05-08 13:44:40'),
(3, 3, 3150, '3.jpg', '60 Days Plan', 'EasyPaisa Mahnoor 03130822222', '03314957737', '_.zanib._5', 'planshared', 'Old', '2022-03-26', '', 2, '2022-05-08 13:44:40'),
(4, 4, 2000, '4.jpg', '30 Days Plan', 'JazzCash Tanzeel Ur Rehman 034', '03320073983', 'Areej5003', 'planshared', 'Old', '2022-03-27', '', 3, '2022-05-08 13:44:40'),
(5, 5, 2000, '5.jpg', '30 Days Plan', 'JazzCash Tanzeel Ur Rehman 034', '03066424199', 'Mamarocklife', 'planshared', 'Old', '2022-03-27', '', 4, '2022-05-08 13:44:40'),
(6, 6, 3500, '6.jpg', '60 Days Plan', 'EasyPaisa Mahnoor 03130822222', '03466946713', 'Sawera8688', 'planshared', 'Old', '2022-03-27', '', 5, '2022-05-08 13:44:40'),
(7, 7, 2000, '7.jpg', '30 Days Plan', 'MBL Mahnoor 14050103758181', ' +821068054698', 'fariaraheel', 'planshared', 'Old', '2022-03-28', '', 6, '2022-05-08 13:44:40'),
(8, 8, 2000, '8.jpg', '30 Days Plan', 'JazzCash Sharjeel Ur Rehman 03', '03219417040', 'tehminaauzairqazi', 'planshared', 'Old', '2022-03-28', '', 7, '2022-05-08 13:44:40'),
(9, 9, 3500, '9.jpg', '60 Days Plan', 'MBL Mahnoor 14050103758181', 'Misbah Hannan-03125031700', 'Misbahhannan', 'planshared', 'Old', '2022-03-28', '', 8, '2022-05-08 13:44:40'),
(10, 10, 2000, '10.jpg', '30 Days Plan', 'MBL Mahnoor 14050103758181', '03004181924', 'Mehreenqueshy', 'planshared', 'Old', '2022-03-29', '', 9, '2022-05-08 13:44:40'),
(11, 11, 2000, '11.jpg', '30 Days Plan', 'JazzCash Tanzeel Ur Rehman 034', 'Sara  03150095092', 'paych11976', 'planshared', 'Old', '2022-03-29', '', 12, '2022-05-08 13:44:40'),
(12, 12, 2000, '12.jpg', '30 Days Plan', 'EasyPaisa Mahnoor 03130822222', 'Kanita Asad  03175044469', 'Kanitaasad', 'planshared', 'Old', '2022-03-29', '', 10, '2022-05-08 13:44:40'),
(13, 13, 2000, '13.jpg', '30 Days Plan', 'MBL Mahnoor 14050103758181', 'Sheerin Akbar 0334-8773429', 'sheerinakbar', 'planshared', 'Old', '2022-03-29', '', 11, '2022-05-08 13:44:40'),
(14, 14, 2000, '14.jpg', '30 Days Plan', 'MBL Mahnoor 14050103758181', '0332-1764428', 'Akkksa7', 'planshared', 'Old', '2022-03-30', '', 13, '2022-05-08 13:44:40'),
(15, 15, 2000, '15.jpg', '30 Days Plan', 'JazzCash Sharjeel Ur Rehman 03', '0346-4556840', 'Mairaa_tariq_', 'planshared', 'Old', '2022-03-30', '', 14, '2022-05-08 13:44:40'),
(16, 16, 6000, '16.jpg', '120 Days Plan', 'MBL Mahnoor 14050103758181', '03224191603', 'nomynouman', 'planshared', 'Old', '2022-03-31', '', 15, '2022-05-08 13:44:40'),
(17, 17, 2000, '17.jpg', '30 Days Plan', 'MBL Tanzeel Ur Rehman 14050103', '03102183343', 'Khansa8906', 'planshared', 'Old', '2022-04-02', '', 16, '2022-05-08 13:44:40'),
(18, 18, 2000, '18.jpg', '30 Days Plan', 'EasyPaisa Mahnoor 03130822222', '0343 6343765', 'sehrishsikandarrr', 'planshared', 'Old', '2022-04-02', '', 17, '2022-05-08 13:44:40'),
(19, 19, 1800, '19.jpg', '30 Days Plan', 'EasyPaisa Mahnoor 03130822222', '0345-9518900', 'syedatehmina', 'planshared', 'Old', '2022-04-02', '', 18, '2022-05-08 13:44:40'),
(20, 20, 1500, '20.jpg', '30 Days Plan', 'MBL Mahnoor 14050103758181', '03367014316', '_marsoolah_', 'planshared', 'Old', '2022-04-02', '', 19, '2022-05-08 13:44:40'),
(21, 21, 2000, '21.jpg', '30 Days Plan', 'EasyPaisa Mahnoor 03130822222', '03343565582', 'mirr_khann', 'planshared', 'Old', '2022-04-02', '', 20, '2022-05-08 13:44:40'),
(22, 22, 1800, '22.jpg', '30 Days Plan', 'JazzCash Sharjeel Ur Rehman 03', '03024847597', 'ayzaalii', 'planshared', 'Old', '2022-04-02', '', 21, '2022-05-08 13:44:40'),
(23, 23, 2000, '23.jpg', '30 Days Plan', 'EasyPaisa Mahnoor 03130822222', '03452399587', 'Zarwishk36', 'planshared', 'Old', '2022-04-04', '', 22, '2022-05-08 13:44:40'),
(24, 24, 3500, '24.jpg', '60 Days Plan', 'EasyPaisa Mahnoor 03130822222', '03315700248', 'Cosmeticgalleria20', 'planshared', 'Old', '2022-04-04', '', 23, '2022-05-08 13:44:40'),
(25, 25, 2000, '25.jpg', '30 Days Plan', 'EasyPaisa Mahnoor 03130822222', '03102364347', 'Zaidi.19', 'planshared', 'Old', '2022-04-05', '', 24, '2022-05-08 13:44:40'),
(26, 26, 2800, '26.jpg', '60 Days Plan', 'JazzCash Sharjeel Ur Rehman 03', '03236320946', '03236320946', 'planshared', 'Old', '2022-04-05', '', 25, '2022-05-08 13:44:40'),
(27, 27, 5000, '27.jpg', '90 Days Plan', 'JazzCash Tanzeel Ur Rehman 034', '+33627197954‬', 'Misbahmazhar61', 'planshared', 'Old', '2022-04-05', '', 26, '2022-05-08 13:44:40'),
(28, 28, 2000, '28.jpg', '30 Days Plan', 'MBL Mahnoor 14050103758181', '03247730523', 'Saddi955', 'planshared', 'Old', '2022-04-06', '', 27, '2022-05-08 13:44:40'),
(29, 29, 2000, '29.jpg', '30 Days Plan', 'MBL Mahnoor 14050103758181', '03070805844', 'Drzarlish', 'planshared', 'Old', '2022-04-06', '', 28, '2022-05-08 13:44:40'),
(30, 30, 2000, '30.jpg', '30 Days Plan', 'JazzCash Tanzeel Ur Rehman 034', '03069168365', 'Harsachaudhary', 'planshared', 'Old', '2022-04-06', '', 29, '2022-05-08 13:44:40'),
(31, 31, 2000, '31.jpg', '30 Days Plan', 'MBL Mahnoor 14050103758181', '03262722226', 'Saher_ashraf90', 'planshared', 'Old', '2022-04-06', '', 30, '2022-05-08 13:44:40'),
(32, 32, 2000, '32.jpg', '30 Days Plan', 'MBL Mahnoor 14050103758181', '03054299914', 'Ainy_tareen', 'planshared', 'Old', '2022-04-07', '', 31, '2022-05-08 13:44:40'),
(33, 33, 2000, '33.jpg', '30 Days Plan', 'MBL Mahnoor 14050103758181', '03305414415', 'Shinningbay143', 'planshared', 'Old', '2022-04-07', '', 32, '2022-05-08 13:44:40'),
(34, 34, 1600, '34.jpg', '30 Days Plan', 'EasyPaisa Zunaira Saif 0306700', '03203161833', 'maham_ch_5', 'planshared', 'Old', '2022-04-08', '', 33, '2022-05-08 13:44:40'),
(35, 35, 2000, '35.jpg', '30 Days Plan', 'MBL Mahnoor 14050103758181', '03000623008', 'Fajjrruunn', 'planshared', 'Old', '2022-04-09', '', 34, '2022-05-08 13:44:40'),
(36, 36, 2000, '36.jpg', '30 Days Plan', 'EasyPaisa Zunaira Saif 0306700', '03338989625', 'Ammarah_qayyum', 'planshared', 'Old', '2022-04-09', '', 35, '2022-05-08 13:44:40'),
(37, 37, 2000, '37.jpg', '30 Days Plan', 'JazzCash Sharjeel Ur Rehman 03', '03021498760', 'Seharrbaloch', 'planshared', 'Old', '2022-04-09', '', 36, '2022-05-08 13:44:40'),
(38, 38, 4000, '38.jpg', '60 Days Plan', 'MBL Mahnoor 14050103758181', '03435556347', 'Madiha.shahzadi.7', 'planshared', 'Old', '2022-04-09', '', 37, '2022-05-08 13:44:40'),
(39, 39, 2000, '39.jpg', '30 Days Plan', 'EasyPaisa Mahnoor 03130822222', '03335426353', 'Hamna_habib', 'planshared', 'Old', '2022-04-11', '', 38, '2022-05-08 13:44:40'),
(40, 40, 4500, '40.jpg', '30 Days Plan', 'EasyPaisa Mahnoor 03130822222', '03315450392', 'Faizahamid1', 'planshared', 'Old', '2022-04-12', 'Payment of Faiza and Her Mother', 39, '2022-05-08 13:44:40'),
(41, 41, 2000, '41.jpg', '30 Days Plan', 'MBL Mahnoor 14050103758181', '03336882522', 'Aymenfarooq6', 'planshared', 'Old', '2022-04-12', '', 40, '2022-05-08 13:44:40'),
(42, 42, 6156, '42.jpg', '120 Days Plan', 'MBL Mahnoor 14050103758181', '971523744166', 'Fatti_jutt', 'planshared', 'Old', '2022-04-13', '', 41, '2022-05-08 13:44:40'),
(43, 43, 2000, '43.jpg', '30 Days Plan', 'JazzCash Sharjeel Ur Rehman 03', '03090601633', '1182_noor', 'planshared', 'Old', '2022-04-13', '', 42, '2022-05-08 13:44:40'),
(44, 44, 2000, '44.jpg', '30 Days Plan', 'EasyPaisa Mahnoor 03130822222', '03204478129', 'Fathima_bhatti', 'planshared', 'Old', '2022-04-14', '', 43, '2022-05-08 13:44:40'),
(45, 45, 1500, '45.jpg', '15 Days Plan', 'EasyPaisa Mahnoor 03130822222', '03153512677', 'Kinnat_786_', 'planshared', 'Old', '2022-04-14', '', 44, '2022-05-08 13:44:40'),
(46, 46, 3500, '46.jpg', '60 Days Plan', 'JazzCash Sharjeel Ur Rehman 03', '03144049000', 'Sundas.sheikh.35', 'planshared', 'Old', '2022-04-14', '', 45, '2022-05-08 13:44:40'),
(47, 47, 3125, '47.jpg', '60 Days Plan', 'MBL Mahnoor 14050103758181', '15713318670', 'Ammaraakmal90', 'planshared', 'Old', '2022-04-15', '', 46, '2022-05-08 13:44:40'),
(48, 48, 2000, '48.jpg', '30 Days Plan', 'MBL Mahnoor 14050103758181', '03022327904', 'Uzma_fayyaz', 'planshared', 'Old', '2022-04-16', '', 47, '2022-05-08 13:44:40'),
(49, 49, 1500, '49.jpg', '15 Days Plan', 'JazzCash Tanzeel Ur Rehman 034', '03099197825', 'Benaam858', 'planshared', 'Old', '2022-04-15', '', 48, '2022-05-08 13:44:40'),
(50, 50, 3500, '50.jpg', '60 Days Plan', 'MBL Tanzeel Ur Rehman 14050103', '03148005435', 'Amnashabbir9876', 'codegenerated', 'Old', '2022-04-16', '', 49, '2022-05-08 13:44:40'),
(51, 51, 2000, '51.jpg', '30 Days Plan', 'EasyPaisa Mahnoor 03130822222', '03172122371', 'Sa_.dyy', 'planshared', 'Old', '2022-04-16', '', 50, '2022-05-08 13:44:40'),
(52, 52, 2000, '52.jpg', '30 Days Plan', 'MBL Mahnoor 14050103758181', '03039756743', 'Jahangiralam9650', 'planshared', 'Old', '2022-04-16', '', 51, '2022-05-08 13:44:40'),
(53, 53, 2500, '53.jpg', '30 Days Plan', 'EasyPaisa Sharjeel Ur Rehman 0', '03479612485', '__faryal', 'planshared', 'Old', '2022-04-17', '', 52, '2022-05-08 13:44:40'),
(54, 54, 2000, '54.jpg', '30 Days Plan', 'EasyPaisa Zunaira Saif 0306700', '03340035801', 'Zumarfaris12', 'planshared', 'Old', '2022-04-18', '', 53, '2022-05-08 13:44:40'),
(55, 55, 0, '55.jpg', '30 Days Plan', 'EasyPaisa Mahnoor 03130822222', '03337980869', 'lifeofmehwish', 'planshared', 'Old', '2022-04-18', '', 54, '2022-05-08 13:44:40'),
(56, 56, 2000, '56.jpg', '30 Days Plan', 'EasyPaisa Zunaira Saif 0306700', '03441369229', 'Tayyabamomina', 'planshared', 'Old', '2022-04-19', '', 56, '2022-05-08 13:44:40'),
(57, 57, 2000, '57.jpg', '30 Days Plan', 'MBL Mahnoor 14050103758181', '03348087807', 'Tehreemazamgondal', 'planshared', 'Old', '2022-04-19', '', 55, '2022-05-08 13:44:40'),
(58, 58, 0, '58.jpg', '30 Days Plan', 'EasyPaisa Mahnoor 03130822222', '03147793947', 'Muzzamil_sheikh120', 'planshared', 'Old', '2022-04-20', '', 57, '2022-05-08 13:44:40'),
(59, 59, 2000, '59.jpg', '30 Days Plan', 'EasyPaisa Mahnoor 03130822222', '03129184852', 'Anisha Aleem', 'planshared', 'Old', '2022-04-21', '', 58, '2022-05-08 13:44:40'),
(60, 60, 2500, '60.jpg', '30 Days Plan', 'JazzCash Sharjeel Ur Rehman 03', '03404252356', 'Sana_arif141', 'planshared', 'Old', '2022-04-21', '', 59, '2022-05-08 13:44:40'),
(61, 61, 2500, '61.jpg', '30 Days Plan', 'MBL Mahnoor 14050103758181', '03214414173', 'Hafsa Hamid', 'planshared', 'Old', '2022-04-22', '', 60, '2022-05-08 17:07:56'),
(62, 62, 2000, '62.jpg', '30 Days Plan', 'EasyPaisa Mahnoor 03130822222', '03029591454', 'Sanaali871', 'planshared', 'Old', '2022-04-22', '', 61, '2022-05-08 13:44:40'),
(63, 63, 2000, '63.jpg', '30 Days Plan', 'JazzCash Fazal Ur Rehman 03047', '03047925261', 'Sadia Irfan', 'planshared', 'Old', '2022-04-22', '', 62, '2022-05-08 13:44:40'),
(64, 64, 2000, '64.jpg', '30 Days Plan', 'EasyPaisa Mahnoor 03130822222', '03496228023', 'Zahrasana512', 'planshared', 'Old', '2022-04-23', '', 63, '2022-05-08 13:44:40'),
(65, 65, 1500, '65.jpg', '30 Days Plan', 'JazzCash Tanzeel Ur Rehman 034', '03216633071', 'Fatima.tufail', 'planshared', 'Old', '2022-04-24', '', 64, '2022-05-08 13:44:40'),
(66, 66, 4500, '66.jpg', '90 Days Plan', 'MBL Mahnoor 14050103758181', '03343180840', 'Rabiaozair', 'planshared', 'Old', '2022-04-25', '', 65, '2022-05-08 13:44:40'),
(67, 67, 4500, '67.jpg', '90 Days Plan', 'MBL Mahnoor 14050103758181', '03368027471', 'Ozair Abbas', 'planshared', 'Old', '2022-04-25', '', 66, '2022-05-08 13:44:40'),
(68, 68, 6000, '68.jpg', '120 Days Plan', 'EasyPaisa Mahnoor 03130822222', '03243800000', 'Masoodurrehman', 'planshared', 'Old', '2022-04-25', '', 67, '2022-05-08 13:44:40'),
(69, 69, 1500, '69.jpg', '15 Days Plan', 'EasyPaisa Mahnoor 03130822222', '03052687700', 'Noorshar45', 'planshared', 'Old', '2022-04-25', '', 68, '2022-05-08 13:44:40'),
(70, 70, 2000, '70.jpg', '30 Days Plan', 'EasyPaisa Mahnoor 03130822222', '03337410617', 'Pooja nagpal', 'planshared', 'Old', '2022-04-26', '', 69, '2022-05-08 13:44:40'),
(71, 71, 2000, '71.jpg', '30 Days Plan', 'MBL Mahnoor 14050103758181', '03069660359', 'Iqrarehman0359', 'planshared', 'Old', '2022-04-26', '', 70, '2022-05-08 13:44:40'),
(72, 72, 2000, '72.jpg', '30 Days Plan', 'MBL Mahnoor 14050103758181', '03224113699', 'Narmeen_javaid', 'planshared', 'Old', '2022-04-27', '', 71, '2022-05-08 13:44:40'),
(73, 73, 1800, '73.jpg', '30 Days Plan', 'MBL Tanzeel Ur Rehman 14050103', '03216464798', 'Safyan_rais', 'planshared', 'Old', '2022-04-27', '', 72, '2022-05-08 13:44:40'),
(74, 74, 3000, '74.jpg', '60 Days Plan', 'MBL Mahnoor 14050103758181', '03304295544', 'Ifrashahid597', 'planshared', 'Old', '2022-04-28', '', 73, '2022-05-08 16:53:34'),
(75, 75, 0, '75.jpg', '30 Days Plan', 'EasyPaisa Mahnoor 03130822222', '03344848526', 'M. r world Blog', 'codegenerated', 'Old', '2022-04-28', '', 74, '2022-05-08 13:44:40'),
(76, 76, 0, '76.jpg', '30 Days Plan', 'EasyPaisa Mahnoor 03130822222', '03005107202', 'Mom Daughter Blog', 'codegenerated', 'Old', '2022-04-28', 'Collaboration Client', 75, '2022-05-08 13:44:40'),
(77, 77, 2000, '77.jpg', '30 Days Plan', 'EasyPaisa Sharjeel Ur Rehman 0', '03155300874', 'Rukhsana Shaheen', 'planshared', 'Old', '2022-05-01', '', 76, '2022-05-10 02:17:07'),
(78, 78, 1800, '78.jpg', '30 Days Plan', 'MBL Mahnoor 14050103758181', '03404449350', 'Attiya_rahim', 'planshared', 'Old', '2022-05-05', '', 77, '2022-05-08 16:44:54'),
(79, 79, 2000, '79.jpg', '30 Days Plan', 'MBL Mahnoor 14050103758181', '03054967149', 'Huma.sameen', 'planshared', 'Old', '2022-05-05', '', 78, '2022-05-08 13:46:52'),
(80, 80, 2000, '80.jpg', '30 Days Plan', 'MBL Mahnoor 14050103758181', '03454164270', 'Sabih_1', 'planshared', 'Old', '2022-05-05', '', 79, '2022-05-09 12:57:26'),
(81, 81, 2000, '81.jpg', '30 Days Plan', 'MBL Mahnoor 14050103758181', '03326421439', 'Tehlila_shayan', 'planshared', 'Old', '2022-05-05', '', 80, '2022-05-08 18:01:44'),
(82, 82, 3500, '82.jpg', '60 Days Plan', 'MBL Mahnoor 14050103758181', '97477625000', '97477625000', 'planshared', 'Old', '2022-05-05', '', 83, '2022-05-11 17:48:42'),
(83, 83, 2000, '83.jpg', '30 Days Plan', 'EasyPaisa Mahnoor 03130822222', '03056985185', 'Mahlikasheikh', 'planshared', 'Old', '2022-05-05', '', 81, '2022-05-08 13:44:40'),
(84, 84, 2500, '84.jpg', '30 Days Plan', 'MBL Tanzeel Ur Rehman 14050103', '03343886529', 'Hanisiddiqui', 'planshared', 'Old', '2022-05-06', '', 82, '2022-05-08 17:19:26'),
(85, 85, 2000, '85.jpg', '30 Days Plan', 'JazzCash Sharjeel Ur Rehman 03', '03212634789', 'Ainabasghar', 'planshared', 'Old', '2022-05-06', '', 84, '2022-05-08 13:55:07'),
(86, 86, 2000, '86.jpg', '30 Days Plan', 'EasyPaisa Zunaira Saif 0306700', '03223007200', 'Hafsairfan4', 'planshared', 'Old', '2022-05-06', '', 85, '2022-05-09 13:05:37'),
(87, 87, 2000, '87.jpg', '30 Days Plan', 'MBL Tanzeel Ur Rehman 14050103', '971551060983', 'Vandananairparadeep', 'planshared', 'Old', '2022-05-06', '', 86, '2022-05-09 13:55:38'),
(88, 88, 1500, '88.jpg', '30 Days Plan', 'MBL Mahnoor 14050103758181', '03057990876', 'Sadaf Amnah', 'planshared', 'Old', '2022-05-06', '', 87, '2022-05-11 17:48:31'),
(89, 89, 2000, '89.jpg', '30 Days Plan', 'MBL Mahnoor 14050103758181', '03451610222', 'Sanajaved', 'planshared', 'Old', '2022-05-07', '', 88, '2022-05-09 14:00:21'),
(90, 90, 0, '90.jpg', '30 Days Plan', 'Other', '971508128972', '971508128972', 'planshared', 'Old', '2022-05-07', 'Collaboration Client', 89, '2022-05-14 02:57:58'),
(91, 91, 3000, '91.jpg', '60 Days Plan', 'MBL Mahnoor 14050103758181', '03106251073', 'Sana.bhutta.946', 'planshared', 'Old', '2022-05-07', '', 90, '2022-05-09 13:40:46'),
(92, 92, 3500, '92.jpg', '60 Days Plan', 'EasyPaisa Zunaira Saif 0306700', '03360881913', 'Esharashid233', 'planshared', 'Old', '2022-05-07', '', 91, '2022-05-10 19:25:04'),
(93, 93, 2000, '93.jpg', '30 Days Plan', 'MBL Mahnoor 14050103758181', '03131787099', 'Aeyza693', 'planshared', 'Old', '2022-05-07', '', 92, '2022-05-09 13:31:11'),
(94, 94, 2000, '94.jpg', '30 Days Plan', 'MBL Mahnoor 14050103758181', '03361014024', 'Qundeel.srk', 'planshared', 'Old', '2022-05-06', '', 93, '2022-05-10 19:57:00'),
(95, 95, 2000, '95.jpg', '30 Days Plan', 'MBL Mahnoor 14050103758181', '03121960921', 'Salihatahir.dar', 'planshared', 'Old', '2022-05-07', '', 94, '2022-05-10 19:35:57'),
(96, 96, 2000, '96.jpg', '30 Days Plan', 'EasyPaisa Zunaira Saif 0306700', '03068609133', 'Sella_chaudhary', 'planshared', 'Old', '2022-05-07', '', 95, '2022-05-10 19:29:41'),
(97, 97, 3500, '97.jpg', '60 Days Plan', 'JazzCash Sharjeel Ur Rehman 03', '03186043745', 'eee_shah', 'planshared', 'Old', '2022-05-08', '', 96, '2022-05-11 17:48:51'),
(98, 98, 2500, '98.jpg', '30 Days Plan', 'MBL Tanzeel Ur Rehman 14050103', '03179654211', 'Mariyamtarique94', 'planshared', 'Old', '2022-05-08', '', 97, '2022-05-11 17:49:00'),
(99, 99, 3500, '99.jpg', '60 Days Plan', 'MBL Mahnoor 14050103758181', '971562770485', 'Sana.shahab19', 'planshared', 'Old', '2022-05-08', '', 98, '2022-05-09 14:05:56'),
(100, 100, 0, '100.jpg', '30 Days Plan', 'EasyPaisa Mahnoor 03130822222', '03218938193', 'Life_ofa_wife', 'planshared', 'Old', '2022-05-08', 'Collaboration Client', 99, '2022-05-10 19:43:24'),
(101, 101, 6000, '101.jpg', '90 Days Plan', 'MBL Tanzeel Ur Rehman 14050103', '03330244490', 'Fatima_sahab', 'planshared', 'Old', '2022-05-08', '', 100, '2022-05-17 07:52:24'),
(102, 102, 2000, '102.jpg', '30 Days Plan', 'MBL Mahnoor 14050103758181', '03187889538', 'Maham_ashraf11', 'planshared', 'Old', '2022-05-09', '', 101, '2022-05-14 02:58:09'),
(103, 103, 2000, '103.jpg', '30 Days Plan', 'EasyPaisa Mahnoor 03130822222', '03455247442', 'Vintage._existence', 'planshared', 'Old', '2022-05-09', '', 102, '2022-05-11 17:49:17'),
(104, 104, 2000, '104.jpg', '30 Days Plan', 'MBL Tanzeel Ur Rehman 14050103', '03000202729', 'Kanza.mlk', 'planshared', 'Old', '2022-05-09', '', 103, '2022-05-14 02:58:17'),
(105, 105, 2000, '105.jpg', '30 Days Plan', 'MBL Mahnoor 14050103758181', '03363632243', 'Sobia_sarfaraz', 'planshared', 'Old', '2022-05-10', '', 105, '2022-05-12 19:37:10'),
(106, 106, 2000, '106.jpg', '30 Days Plan', 'MBL Mahnoor 14050103758181', '03472102982', 'Maryam.farrukh.908', 'planshared', 'Old', '2022-05-10', '', 107, '2022-05-12 19:28:01'),
(107, 107, 2000, '107.jpg', '30 Days Plan', 'MBL Mahnoor 14050103758181', '03023200481', 'Khizra_khanzada', 'planshared', 'Old', '2022-05-10', '', 106, '2022-05-14 02:58:25'),
(108, 108, 2000, '108.jpg', '30 Days Plan', 'JazzCash Sharjeel Ur Rehman 03', '03345292900', 'Malik_zuhair_77', 'planshared', 'Old', '2022-05-10', '', 104, '2022-05-17 07:52:33'),
(109, 109, 4700, '109.jpg', '90 Days Plan', 'EasyPaisa Mahnoor 03130822222', '03342854391', 'Shaestawaheed', 'codegenerated', 'Old', '2022-05-10', '', 108, '2022-05-16 03:21:42'),
(110, 110, 2000, '110.jpg', '30 Days Plan', 'JazzCash Fazal Ur Rehman 03047', '03028510327', 'Laraib_fatima_111', 'planshared', 'Old', '2022-05-10', '', 109, '2022-05-12 19:45:45'),
(111, 111, 2000, '111.jpg', '30 Days Plan', 'JazzCash Sharjeel Ur Rehman 03', '03337233720', 'Mirzainnoonari', 'planshared', 'Old', '2022-05-10', '', 110, '2022-05-14 02:58:32'),
(112, 112, 2000, '112.jpg', '30 Days Plan', 'EasyPaisa Mahnoor 03130822222', '03238477415', 'E_a_butt', 'planshared', 'Old', '2022-05-11', '', 111, '2022-05-12 19:48:43'),
(113, 113, 2000, '113.jpg', '30 Days Plan', 'MBL Mahnoor 14050103758181', '03004062962', 'Sadiach68479', 'planshared', 'Old', '2022-05-11', '', 112, '2022-05-12 19:58:41'),
(114, 114, 3500, '114.jpg', '60 Days Plan', 'EasyPaisa Zunaira Saif 0306700', '03075308260', 'Nimr.a9827', 'planshared', 'Old', '2022-05-11', '', 113, '2022-05-14 02:58:39'),
(124, 124, 2500, '124.jpg', '30 Days Plan', 'EasyPaisa Mahnoor 03130822222', '03080817447', 'Room_i3235', 'planshared', 'Old', '2022-05-13', '', 114, '2022-05-17 07:52:39'),
(125, 125, 3500, '125.jpg', '60 Days Plan', 'MBL Mahnoor 14050103758181', '03459013944', 'Bacha4527', 'planshared', 'Old', '2022-05-13', '', 115, '2022-05-17 07:52:44'),
(126, 126, 2000, '126.jpg', '30 Days Plan', 'EasyPaisa Mahnoor 03130822222', '03109405551', 'Yasha_abid', 'planshared', 'Old', '2022-05-13', '', 116, '2022-05-14 02:58:51'),
(127, 127, 3500, '127.jpg', '60 Days Plan', 'EasyPaisa Mahnoor 03130822222', '03030257753', 'Sid_ch_advocate', 'planshared', 'Old', '2022-05-13', '', 117, '2022-05-17 07:52:49'),
(128, 128, 3500, '128.jpg', '60 Days Plan', 'MBL Mahnoor 14050103758181', '8328448620', 'Muggleswife', 'planshared', 'Old', '2022-05-13', '', 118, '2022-05-17 20:09:21'),
(129, 129, 4000, '129.jpg', '60 Days Plan', 'MBL Mahnoor 14050103758181', '15810547244', 'Aysharizvi1408', 'planshared', 'Old', '2022-05-13', '', 119, '2022-05-17 20:08:43'),
(130, 130, 5500, '130.jpg', '90 Days Plan', 'MBL Mahnoor 14050103758181', '03401156664', 'Iqra_tariq55', 'planshared', 'Old', '2022-05-13', '', 120, '2022-05-17 20:10:48'),
(131, 131, 3500, '131.jpg', '60 Days Plan', 'MBL Mahnoor 14050103758181', '03215654022', 'Tahleel_haider', 'planshared', 'Old', '2022-05-13', '', 121, '2022-05-17 20:10:27'),
(132, 132, 2040, '132.jpg', '30 Days Plan', 'JazzCash Sharjeel Ur Rehman 03', '03009298323', 'Fati.makhan2141', 'planshared', 'Old', '2022-05-13', '', 122, '2022-05-17 20:11:52'),
(134, 134, 2000, '134.jpg', '30 Days Plan', 'JazzCash Tanzeel Ur Rehman 034', '03335847030', 'Waqarfiya', 'planshared', 'Old', '2022-05-13', '', 123, '2022-05-17 20:10:58'),
(135, 135, 4093, '135.jpg', '60 Days Plan', 'MBL Mahnoor 14050103758181', '447507668677', 'N33lo_far_903', 'planshared', 'Old', '2022-05-13', '', 124, '2022-05-17 20:11:58'),
(136, 136, 1500, '136.jpg', '15 Days Plan', 'EasyPaisa Mahnoor 03130822222', '03053771263', 'Kirshti_lohana', 'planshared', 'Old', '2022-05-14', '', 125, '2022-05-17 20:15:45'),
(137, 137, 2000, '137.jpg', '30 Days Plan', 'EasyPaisa Mahnoor 03130822222', '03321140878', 'Faiza_bashir', 'planshared', 'Old', '2022-05-14', '', 126, '2022-05-17 20:12:07'),
(138, 138, 2000, '138.jpg', '30 Days Plan', 'JazzCash Tanzeel Ur Rehman 034', '03042499811', 'Mariam_shareef', 'planshared', 'Old', '2022-05-14', '', 127, '2022-05-18 15:37:56'),
(139, 139, 2000, '139.jpg', '30 Days Plan', 'EasyPaisa Mahnoor 03130822222', '03322065316', 'Anaya Asif', 'planshared', 'Old', '2022-05-15', '', 128, '2022-05-19 04:48:05'),
(140, 140, 1800, '140.jpg', '30 Days Plan', 'EasyPaisa Mahnoor 03130822222', '03054752179', 'Educaitionist', 'planshared', 'Old', '2022-05-15', '', 129, '2022-05-19 04:48:12'),
(141, 141, 2000, '141.jpg', '30 Days Plan', 'EasyPaisa Mahnoor 03130822222', '03304530003', 'Mmariakhan792', 'planshared', 'Old', '2022-05-15', '', 130, '2022-05-20 03:24:39'),
(142, 142, 2000, '142.jpg', '30 Days Plan', 'MBL Tanzeel Ur Rehman 14050103', '61434199062', 'Ali_maliick', 'planshared', 'Old', '2022-05-16', '', 131, '2022-05-19 04:48:21'),
(143, 143, 10000, '143.jpg', '180 Days Plan', 'EasyPaisa Mahnoor 03130822222', '03343651093', 'Mahumijaz', 'planshared', 'Old', '2022-05-16', '06 Month Diet Plan', 132, '2022-05-20 03:24:46'),
(144, 144, 2000, '144.jpg', '30 Days Plan', 'JazzCash Sharjeel Ur Rehman 03', '03214008813', 'Badguy7014', 'planshared', 'Old', '2022-05-17', '', 133, '2022-05-21 21:44:22'),
(145, 145, 2000, '145.jpg', '30 Days Plan', 'JazzCash Sharjeel Ur Rehman 03', '03376035096', 'Hirayaqoob344', 'planshared', 'Old', '2022-05-17', '', 134, '2022-05-21 21:46:28'),
(146, 146, 2000, '146.jpg', '30 Days Plan', 'EasyPaisa Zunaira Saif 0306700', '03129774449', 'Fatima.sajjad.71271', 'planshared', 'Old', '2022-05-17', '', 135, '2022-05-21 21:46:39'),
(147, 147, 1500, '147.jpg', '15 Days Plan', 'EasyPaisa Sharjeel Ur Rehman 0', '03347142822', 'Aunia_99', 'planshared', 'Old', '2022-05-17', '', 136, '2022-05-21 21:44:48'),
(148, 148, 2000, '148.jpg', '30 Days Plan', 'EasyPaisa Mahnoor 03130822222', '03167625608', 'N/A', 'planshared', 'Old', '2022-05-17', '', 137, '2022-05-21 21:44:57'),
(149, 149, 2000, '149.jpg', '30 Days Plan', 'MBL Mahnoor 14050103758181', '03216222602', 'Saliha', 'planshared', 'Old', '2022-05-17', '', 138, '2022-05-21 21:45:06'),
(151, 151, 2000, '151.jpg', '30 Days Plan', 'EasyPaisa Mahnoor 03130822222', '03366782867', 'Hasssssiiiii123', 'codegenerated', 'Old', '2022-05-18', '', 139, '2022-05-18 06:16:31'),
(152, 152, 2000, '152.jpg', '30 Days Plan', 'MBL Mahnoor 14050103758181', '03448000876', 'Ali_sheraz67', 'planshared', 'Old', '2022-05-18', '', 140, '2022-05-20 03:25:20'),
(153, 153, 2000, '153.jpg', '30 Days Plan', 'EasyPaisa Mahnoor 03130822222', '966537392005', 'Baba ki Princess', 'planshared', 'Old', '2022-05-18', '', 141, '2022-05-21 21:45:14'),
(154, 154, 2000, '154.jpg', '30 Days Plan', 'MBL Mahnoor 14050103758181', '03239235232', 'Zeynabhayat0', 'planshared', 'Old', '2022-05-18', '', 142, '2022-05-24 07:04:05'),
(155, 155, 2000, '155.jpg', '30 Days Plan', 'EasyPaisa Mahnoor 03130822222', '03469196214', 'Drayesha_shahid', 'planshared', 'Old', '2022-05-18', '', 143, '2022-05-24 06:49:31'),
(156, 156, 2000, '156.jpg', '30 Days Plan', 'EasyPaisa Mahnoor 03130822222', '03244397653', 'Hooria Malik', 'planshared', 'Old', '2022-05-19', '', 144, '2022-05-24 07:30:56'),
(157, 157, 2000, '157.jpg', '30 Days Plan', 'MBL Mahnoor 14050103758181', '03334594660', 'Rootaba Sattar', 'planshared', 'Old', '2022-05-20', '', 145, '2022-05-24 08:00:46'),
(158, 158, 1500, '158.jpg', '15 Days Plan', 'EasyPaisa Mahnoor 03130822222', '03028942953', 'Imahnoor_tariq', 'planshared', 'Old', '2022-05-20', '', 146, '2022-05-24 08:05:16'),
(159, 159, 0, '159.jpg', '30 Days Plan', 'EasyPaisa Mahnoor 03130822222', '03228830545', 'Blogbyaanaa', 'codegenerated', 'Old', '2022-05-21', 'Collaboration Client', 147, '2022-05-21 12:44:13'),
(160, 160, 2500, '160.jpg', '60 Days Plan', 'JazzCash Tanzeel Ur Rehman 034', '03333425686', '03333425686', 'planshared', 'Old', '2022-05-21', '', 149, '2022-05-24 07:42:39'),
(161, 161, 2000, '161.jpg', '30 Days Plan', 'EasyPaisa Mahnoor 03130822222', '03091546608', 'Mair_a2312', 'planshared', 'Old', '2022-05-21', '', 148, '2022-05-24 08:06:04'),
(162, 162, 1500, '162.jpg', '15 Days Plan', 'JazzCash Sharjeel Ur Rehman 03', '03211133332', 'Aymanwaleed67', 'planshared', 'Old', '2022-05-22', '', 150, '2022-05-27 05:37:53'),
(163, 163, 2000, '163.jpg', '30 Days Plan', 'EasyPaisa Mahnoor 03130822222', '03351086182', 'Areebaakram128', 'planshared', 'Old', '2022-05-22', '', 151, '2022-05-27 05:38:04'),
(164, 164, 2000, '164.jpg', '30 Days Plan', 'MBL Mahnoor 14050103758181', '03312557739', 'Iqra.mazhar.79', 'planshared', 'Old', '2022-05-23', '', 152, '2022-05-26 15:14:38'),
(165, 165, 2000, '165.jpg', '30 Days Plan', 'EasyPaisa Mahnoor 03130822222', '03009428374', 'Hassansyedmadiha', 'planshared', 'Old', '2022-05-23', '', 153, '2022-05-26 15:14:31'),
(166, 166, 2000, '166.jpg', '30 Days Plan', 'JazzCash Sharjeel Ur Rehman 03', '03028601636', 'Minishehzadi', 'planshared', 'Old', '2022-05-23', '', 154, '2022-05-25 18:04:26'),
(167, 167, 2000, '167.jpg', '30 Days Plan', 'EasyPaisa Mahnoor 03130822222', '03071911114', 'Arslan.aemen', 'planshared', 'Old', '2022-05-24', '', 155, '2022-05-28 04:17:50'),
(168, 168, 2000, '168.jpg', '30 Days Plan', 'MBL Tanzeel Ur Rehman 14050103', '03352175802', 'Nabeela_saddiqui', 'planshared', 'Old', '2022-05-25', '', 156, '2022-05-28 04:17:56'),
(170, 170, 2000, '170.jpg', '30 Days Plan', 'EasyPaisa Sharjeel Ur Rehman 0', '03212643301', '_sidraafzal_', 'planshared', 'Old', '2022-05-25', '', 157, '2022-05-28 04:18:03'),
(171, 171, 2000, '171.jpg', '30 Days Plan', 'JazzCash Fazal Ur Rehman 03047', '03022966627', 'Lovelyparrilovelyparri', 'planshared', 'Old', '2022-05-25', '', 158, '2022-05-28 04:18:09'),
(172, 172, 0, '172.jpg', '30 Days Plan', 'EasyPaisa Mahnoor 03130822222', '03208302886', '@_esctaticgirl_here.', 'codegenerated', 'Old', '2022-05-25', '', 159, '2022-05-26 10:49:30'),
(173, 173, 2000, '173.jpg', '30 Days Plan', 'MBL Mahnoor 14050103758181', '03208466296', 'Blogsbyhafza', 'planshared', 'Old', '2022-05-26', '', 160, '2022-05-31 04:31:06'),
(174, 174, 1800, '174.jpg', '30 Days Plan', 'MBL Mahnoor 14050103758181', '03323381070', 'Atiqahere__', 'planshared', 'Old', '2022-05-26', '', 161, '2022-05-28 04:18:21'),
(175, 175, 2000, '175.jpg', '30 Days Plan', 'EasyPaisa Mahnoor 03130822222', '03313689149', 'Abbasmuskan1', 'codegenerated', 'Old', '2022-05-26', '', 162, '2022-06-01 17:09:32'),
(176, 176, 2000, '176.jpg', '30 Days Plan', 'EasyPaisa Sharjeel Ur Rehman 0', '03483683119', 'Arpanaasnani', 'planshared', 'Old', '2022-05-26', '', 163, '2022-05-31 04:55:16'),
(177, 177, 2000, '177.jpg', '30 Days Plan', 'JazzCash Fazal Ur Rehman 03047', '03146453300', 'Duamalik._._', 'planshared', 'Old', '2022-05-26', '', 164, '2022-05-31 04:55:22'),
(178, 178, 3500, '178.jpg', '60 Days Plan', 'JazzCash Fazal Ur Rehman 03047', '97433217474', '_ayeshahae', 'planshared', 'Old', '2022-05-27', '', 165, '2022-05-31 17:59:11'),
(179, 179, 1500, '179.jpg', '30 Days Plan', 'EasyPaisa Fazal Ur Rehman 0304', '03429426614', 'Neelam Nisar', 'planshared', 'Old', '2022-05-27', '', 166, '2022-05-31 04:55:31'),
(180, 180, 1500, '180.jpg', '15 Days Plan', 'EasyPaisa Sharjeel Ur Rehman 0', '03143663801', 'Aimanzahra7043', 'planshared', 'Old', '2022-05-27', '', 167, '2022-05-31 04:55:38'),
(181, 181, 1350, '181.jpg', '15 Days Plan', 'JazzCash Sharjeel Ur Rehman 03', '03355246646', 'Hassan.awan.12382', 'planshared', 'Old', '2022-05-27', '', 168, '2022-05-31 17:59:39'),
(182, 182, 2000, '182.jpg', '30 Days Plan', 'EasyPaisa Mahnoor 03130822222', '03155426368', 'Iamak0226', 'planshared', 'Old', '2022-05-27', '', 169, '2022-05-31 17:59:58'),
(183, 183, 3000, '183.jpg', '60 Days Plan', 'MBL Mahnoor 14050103758181', '03244243998', 'Aamnahch', 'planshared', 'Old', '2022-05-28', '', 170, '2022-06-07 02:38:57'),
(184, 184, 0, '184.jpg', '30 Days Plan', 'EasyPaisa Mahnoor 03130822222', '03170214221', 'Blogby_sadi', 'planshared', 'Old', '2022-05-28', 'Collaboration Client', 171, '2022-06-03 05:14:41'),
(185, 185, 5400, '185.jpg', '120 Days Plan', 'MBL Tanzeel Ur Rehman 14050103', '03035136887', 'Areeba_munawar_25', 'planshared', 'Old', '2022-05-29', '', 172, '2022-05-31 18:00:19'),
(186, 186, 2000, '186.jpg', '30 Days Plan', 'EasyPaisa Mahnoor 03130822222', '03195039904', '_mahhii_98', 'planshared', 'Old', '2022-05-29', '', 173, '2022-06-02 04:26:01'),
(187, 187, 2000, '187.jpg', '30 Days Plan', 'MBL Tanzeel Ur Rehman 14050103', '03362845307', 'Ujalakumari29', 'planshared', 'Old', '2022-05-29', '', 174, '2022-06-03 05:15:02'),
(188, 188, 2000, '188.jpg', '30 Days Plan', 'EasyPaisa Mahnoor 03130822222', '03093032507', 'Ayeshakhan_hyderabad', 'planshared', 'Old', '2022-05-29', '', 175, '2022-06-02 04:26:31'),
(189, 189, 2000, '189.jpg', '30 Days Plan', 'EasyPaisa Zunaira Saif 0306700', '03245464938', 'Saima_jangir', 'planshared', 'Old', '2022-05-30', '', 176, '2022-06-03 05:15:13'),
(190, 190, 2500, '190.jpg', '30 Days Plan', 'EasyPaisa Zunaira Saif 0306700', '03216625268', 'Momina_malik1', 'planshared', 'Old', '2022-05-30', '', 178, '2022-06-02 04:26:44'),
(191, 191, 2000, '191.jpg', '30 Days Plan', 'MBL Mahnoor 14050103758181', '03353204351', 'Mariumbhojaniofficial', 'planshared', 'Old', '2022-05-30', '', 177, '2022-06-05 04:14:20'),
(192, 192, 3500, '192.jpg', '60 Days Plan', 'EasyPaisa Mahnoor 03130822222', '03337359424', 'Kashifgulhasaan', 'codegenerated', 'Old', '2022-05-31', '', 179, '2022-06-01 10:58:25'),
(193, 193, 2000, '193.jpg', '30 Days Plan', 'MBL Mahnoor 14050103758181', '03339490681', 'Benimadim.saba_', 'planshared', 'Old', '2022-05-31', '', 180, '2022-06-03 05:15:22'),
(194, 194, 5000, '194.jpg', '90 Days Plan', 'MBL Mahnoor 14050103758181', '03338252695', 'Rabia Hanif', 'codegenerated', 'Old', '2022-05-31', '', 181, '2022-06-01 10:58:41'),
(195, 195, 3500, '195.jpg', '60 Days Plan', 'EasyPaisa Zunaira Saif 0306700', '03345136069', 'Nayab_nabii', 'planshared', 'Old', '2022-05-31', '', 182, '2022-06-05 04:14:26'),
(196, 196, 2250, '196.jpg', '30 Days Plan', 'MBL Mahnoor 14050103758181', '03218954872', 'Sunaynaa_', 'planshared', 'Old', '2022-06-01', '', 183, '2022-06-05 04:14:31'),
(197, 197, 2500, '197.jpg', '30 Days Plan', 'JazzCash Tanzeel Ur Rehman 034', '03074384466', 'Aneela Sohail', 'planshared', 'Old', '2022-06-01', '', 184, '2022-06-04 05:17:15'),
(198, 198, 2000, '198.jpg', '30 Days Plan', 'MBL Mahnoor 14050103758181', '03024835556', 'Anummughal29', 'planshared', 'Old', '2022-06-02', '', 185, '2022-06-05 04:14:41'),
(199, 199, 2000, '199.jpg', '30 Days Plan', 'EasyPaisa Mahnoor 03130822222', '03074650505', 'Choudhary Junaid', 'planshared', 'Old', '2022-06-02', '', 189, '2022-06-13 02:58:46'),
(200, 200, 2000, '200.jpg', '30 Days Plan', 'JazzCash Sharjeel Ur Rehman 03', '03216500322', 'Arisha_zeeshan', 'planshared', 'Old', '2022-06-02', '', 188, '2022-06-07 02:39:03'),
(201, 201, 4500, '201.jpg', '120 Days Plan', 'MBL Tanzeel Ur Rehman 14050103', '971547615090', 'Namitha(nami1506)', 'planshared', 'Old', '2022-06-03', '', 187, '2022-06-07 02:39:12'),
(202, 202, 0, '202.jpg', '30 Days Plan', 'EasyPaisa Mahnoor 03130822222', '03352007088', 'Royale__giirl', 'codegenerated', 'Old', '2022-06-03', 'Collaboration Client', 186, '2022-06-03 14:29:07'),
(203, 203, 0, '203.jpg', '30 Days Plan', 'EasyPaisa Mahnoor 03130822222', '03070329358', 'Faria_kiran', 'planshared', 'Old', '2022-06-03', 'Collaboration Client', 190, '2022-06-13 02:58:56'),
(204, 204, 0, '204.jpg', '30 Days Plan', 'EasyPaisa Mahnoor 03130822222', '03125254479', 'Hamid.ali_01', 'planshared', 'Old', '2022-06-03', 'Collaboration Client', 191, '2022-06-07 02:39:20'),
(205, 205, 6500, '205.jpg', '120 Days Plan', 'MBL Tanzeel Ur Rehman 14050103', '393511500852', 'Ridasaad966', 'planshared', 'Old', '2022-06-03', '', 192, '2022-06-07 10:01:06'),
(206, 206, 3500, '206.jpg', '60 Days Plan', 'EasyPaisa Zunaira Saif 0306700', '03128553969', 'Meshi.malik.7334', 'planshared', 'Old', '2022-06-04', '', 193, '2022-06-07 10:01:52'),
(207, 207, 2500, '207.jpg', '30 Days Plan', 'MBL Tanzeel Ur Rehman 14050103', '03204105994', 'Mehwishakbar', 'planshared', 'Old', '2022-06-05', '', 195, '2022-06-07 10:02:34'),
(208, 208, 2500, '208.jpg', '30 Days Plan', 'EasyPaisa Mahnoor 03130822222', '03422641322', 'Shahzeen_jawaid', 'planshared', 'Old', '2022-06-05', '', 194, '2022-06-07 10:05:40'),
(209, 209, 1800, '209.jpg', '30 Days Plan', 'EasyPaisa Mahnoor 03130822222', '03205997195', 'Quratfatima8384', 'planshared', 'Old', '2022-06-05', '', 196, '2022-06-13 02:59:25'),
(210, 210, 1800, '210.jpg', '30 Days Plan', 'MBL Mahnoor 14050103758181', '03103881913', 'Losted_queen_14', 'planshared', 'Old', '2022-06-07', '', 197, '2022-06-13 02:58:09'),
(211, 211, 3000, '211.jpg', '30 Days Plan', 'MBL Mahnoor 14050103758181', '03361048621', 'Ana_malik56', 'planshared', 'Old', '2022-06-07', 'Capsule + Diet Plan', 198, '2022-06-09 02:43:35'),
(212, 212, 0, '212.jpg', '30 Days Plan', 'EasyPaisa Mahnoor 03130822222', '03322617457', 'Alee Sarang', 'planshared', 'Old', '2022-06-08', '', 199, '2022-06-16 03:50:20'),
(213, 213, 2500, '213.jpg', '30 Days Plan', 'MBL Mahnoor 14050103758181', '03464055506', 'Saharkhan696', 'planshared', 'Old', '2022-06-08', '', 200, '2022-06-14 03:52:06'),
(214, 214, 2500, '214.jpg', '30 Days Plan', 'MBL Mahnoor 14050103758181', '4915789254891', 'Dadylittle.girl', 'planshared', 'Old', '2022-06-08', '', 201, '2022-06-10 03:53:33'),
(215, 215, 0, '215.jpg', '30 Days Plan', 'EasyPaisa Mahnoor 03130822222', '971567917120', 'Jumana.jilfar', 'codegenerated', 'Old', '2022-06-08', '', 202, '2022-06-08 17:13:53'),
(216, 216, 2000, '216.jpg', '30 Days Plan', 'EasyPaisa Mahnoor 03130822222', '3045757358', 'Jamat_ali_47', 'planshared', 'Old', '2022-06-08', '', 203, '2022-06-10 03:53:39'),
(217, 217, 1500, '217.jpg', '30 Days Plan', 'JazzCash Sharjeel Ur Rehman 03', '3008659230', 'Muhammad Asif', 'codegenerated', 'Old', '2022-06-08', '', 204, '2022-06-10 15:22:39'),
(218, 218, 2500, '218.jpg', '30 Days Plan', 'MBL Mahnoor 14050103758181', '3452102385', 'Aishahiraadulqadir', 'planshared', 'Old', '2022-06-09', '', 205, '2022-06-15 04:11:35'),
(219, 219, 2500, '219.jpg', '30 Days Plan', 'MBL Mahnoor 14050103758181', '3170823046', 'Aneebas16', 'planshared', 'Old', '2022-06-09', '', 206, '2022-06-15 04:11:41'),
(220, 220, 2500, '220.jpg', '30 Days Plan', 'MBL Mahnoor 14050103758181', '03452102385', 'Aishahiraadulqadir', 'codegenerated', 'Old', '2022-06-09', '', 207, '2022-06-10 15:22:58'),
(221, 221, 2000, '221.jpg', '30 Days Plan', 'EasyPaisa Zunaira Saif 0306700', '03105283672', 'Awanaw27', 'planshared', 'Old', '2022-06-09', '', 208, '2022-06-15 04:11:58'),
(222, 222, 2000, '222.jpg', '30 Days Plan', 'MBL Mahnoor 14050103758181', '03336385396', 'Areebaackbar', 'planshared', 'Old', '2022-06-10', '', 209, '2022-06-14 03:52:31'),
(223, 223, 0, '223.jpg', '30 Days Plan', 'EasyPaisa Mahnoor 03130822222', '03313067836', 'Tabbasam Sakrani', 'codegenerated', 'Old', '2022-06-10', '', 211, '2022-06-10 15:12:49'),
(224, 224, 0, '224.jpg', '30 Days Plan', 'EasyPaisa Mahnoor 03130822222', '971523678569', 'Iammahnoor_', 'codegenerated', 'Old', '2022-06-10', 'Collaboration Client', 212, '2022-06-10 15:13:04'),
(225, 225, 7100, '225.jpg', '60 Days Plan', 'MBL Mahnoor 14050103758181', '447402824833', 'Fatmasz', 'planshared', 'Old', '2022-06-09', '', 210, '2022-06-15 04:12:04'),
(226, 226, 5000, '226.jpg', '90 Days Plan', 'MBL Mahnoor 14050103758181', '971525099779', 'Creamycreationsbyanam', 'planshared', 'Old', '2022-06-09', '', 213, '2022-06-15 04:12:10'),
(227, 227, 3500, '227.jpg', '60 Days Plan', 'MBL Tanzeel Ur Rehman 14050103', '03498905472', 'Mariaahmadkhan', 'planshared', 'Old', '2022-06-10', '', 214, '2022-06-15 04:12:23'),
(228, 228, 3500, '228.jpg', '60 Days Plan', 'EasyPaisa Zunaira Saif 0306700', '03079647760', 'Arubamalik_', 'planshared', 'Old', '2022-06-11', '', 215, '2022-06-15 04:12:37'),
(229, 229, 2000, '229.jpg', '30 Days Plan', 'EasyPaisa Mahnoor 03130822222', '03036408686', 'Afnan_rocky_1', 'planshared', 'Old', '2022-06-12', '', 216, '2022-06-16 03:50:45'),
(230, 230, 2000, '230.jpg', '30 Days Plan', 'JazzCash Tanzeel Ur Rehman 034', '03033371100', 'Asraaneesmemon', 'planshared', 'Old', '2022-06-12', '', 217, '2022-06-17 08:03:24'),
(231, 231, 2500, '231.jpg', '30 Days Plan', 'MBL Mahnoor 14050103758181', '03224978080', 'Zarishmughal28', 'planshared', 'Old', '2022-06-13', '', 218, '2022-06-16 03:50:50'),
(232, 232, 2000, '232.jpg', '30 Days Plan', 'JazzCash Sharjeel Ur Rehman 03', '03226092298', 'Sumi_sheikh98', 'formverified', 'Old', '2022-06-13', '', 219, '2022-06-14 17:13:57'),
(233, 233, 2000, '233.jpg', '30 Days Plan', 'MBL Mahnoor 14050103758181', '03315615527', 'Marium_riaz_nawab', 'codegenerated', 'Old', '2022-06-13', '', 220, '2022-06-14 05:45:44'),
(234, 234, 2000, '234.jpg', '30 Days Plan', 'EasyPaisa Mahnoor 03130822222', '03335752261', 'Rija.sohail', 'planshared', 'Old', '2022-06-13', '', 221, '2022-06-16 03:50:56'),
(235, 235, 1800, '235.jpg', '30 Days Plan', 'MBL Mahnoor 14050103758181', '03204897201', 'The_cooking_taste99', 'planshared', 'Old', '2022-06-13', '', 222, '2022-06-16 03:51:35'),
(236, 236, 0, '236.jpg', '30 Days Plan', 'EasyPaisa Mahnoor 03130822222', '03332847377', 'Arham_arham2021', 'codegenerated', 'Old', '2022-06-14', 'Collaboration Client', 223, '2022-06-14 05:45:37'),
(237, 237, 2000, '237.jpg', '30 Days Plan', 'EasyPaisa Mahnoor 03130822222', '03321201800', 'faizan.sheikh375', 'planshared', 'Old', '2022-06-14', '', 224, '2022-06-17 08:03:42'),
(238, 238, 2000, '238.jpg', '30 Days Plan', 'MBL Mahnoor 14050103758181', '03450533048', 'Sadaf_Touqeer_', 'planshared', 'Old', '2022-06-14', '', 225, '2022-06-17 08:04:01'),
(240, 240, 3500, '240.jpg', '60 Days Plan', 'EasyPaisa Mahnoor 03130822222', '03327999844', 'S _.khn', 'planshared', 'Old', '2022-06-15', '', 226, '2022-06-17 08:04:12'),
(241, 241, 3500, '241.jpg', '60 Days Plan', 'EasyPaisa Mahnoor 03130822222', '03258822746', 'Nimix__07', 'planshared', 'Old', '2022-06-15', '', 227, '2022-06-17 08:04:47'),
(242, 242, 2000, '242.jpg', '30 Days Plan', 'EasyPaisa Zunaira Saif 0306700', '966569978503', 'Irfana279', 'formverified', 'Old', '2022-06-17', '', 228, '2022-06-18 05:19:03'),
(243, 243, 3500, '243.jpg', '60 Days Plan', 'MBL Mahnoor 14050103758181', '03077778419', 'Yousararauf', 'share', 'New', '2022-06-17', '', 229, '2022-06-17 15:27:18');

-- --------------------------------------------------------

--
-- Table structure for table `source`
--

CREATE TABLE `source` (
  `platform` varchar(30) DEFAULT NULL,
  `client_id` int(11) DEFAULT NULL,
  `refer_client_id` int(11) DEFAULT NULL,
  `source_name` varchar(30) DEFAULT NULL,
  `CreatedOrModified` timestamp NOT NULL DEFAULT current_timestamp() ON UPDATE current_timestamp()
) ENGINE=InnoDB DEFAULT CHARSET=latin1;

--
-- Indexes for dumped tables
--

--
-- Indexes for table `admin`
--
ALTER TABLE `admin`
  ADD PRIMARY KEY (`admin_id`),
  ADD KEY `admin_login_fk` (`login_id`);

--
-- Indexes for table `body_measurements`
--
ALTER TABLE `body_measurements`
  ADD PRIMARY KEY (`bm_no`),
  ADD KEY `bm_client_fk` (`client_id`);

--
-- Indexes for table `client`
--
ALTER TABLE `client`
  ADD PRIMARY KEY (`client_id`),
  ADD KEY `client_login_fk` (`login_id`);

--
-- Indexes for table `employee`
--
ALTER TABLE `employee`
  ADD PRIMARY KEY (`employee_id`),
  ADD KEY `emplyee_login_fk` (`login_id`);

--
-- Indexes for table `feedbacks`
--
ALTER TABLE `feedbacks`
  ADD PRIMARY KEY (`feedback_id`),
  ADD KEY `feedback_client_fk` (`client_id`);

--
-- Indexes for table `login`
--
ALTER TABLE `login`
  ADD PRIMARY KEY (`login_id`),
  ADD UNIQUE KEY `email` (`email`);

--
-- Indexes for table `medical_diagnosis`
--
ALTER TABLE `medical_diagnosis`
  ADD PRIMARY KEY (`diagnosis_no`),
  ADD KEY `md_client_fk` (`client_id`);

--
-- Indexes for table `package`
--
ALTER TABLE `package`
  ADD PRIMARY KEY (`package_id`),
  ADD KEY `package_client_fk` (`client_id`),
  ADD KEY `package_payment_fk` (`payment_id`);

--
-- Indexes for table `payment`
--
ALTER TABLE `payment`
  ADD PRIMARY KEY (`payment_id`);

--
-- Indexes for table `payment_approvals`
--
ALTER TABLE `payment_approvals`
  ADD PRIMARY KEY (`approval_id`),
  ADD KEY `payment_approvals_client_fk` (`client_id`);

--
-- Indexes for table `source`
--
ALTER TABLE `source`
  ADD KEY `source_client1_fk` (`refer_client_id`),
  ADD KEY `source_client2_fk` (`client_id`);

--
-- AUTO_INCREMENT for dumped tables
--

--
-- AUTO_INCREMENT for table `admin`
--
ALTER TABLE `admin`
  MODIFY `admin_id` int(11) NOT NULL AUTO_INCREMENT, AUTO_INCREMENT=3;

--
-- AUTO_INCREMENT for table `body_measurements`
--
ALTER TABLE `body_measurements`
  MODIFY `bm_no` int(11) NOT NULL AUTO_INCREMENT, AUTO_INCREMENT=262;

--
-- AUTO_INCREMENT for table `client`
--
ALTER TABLE `client`
  MODIFY `client_id` int(11) NOT NULL AUTO_INCREMENT, AUTO_INCREMENT=244;

--
-- AUTO_INCREMENT for table `employee`
--
ALTER TABLE `employee`
  MODIFY `employee_id` int(11) NOT NULL AUTO_INCREMENT, AUTO_INCREMENT=6;

--
-- AUTO_INCREMENT for table `feedbacks`
--
ALTER TABLE `feedbacks`
  MODIFY `feedback_id` int(11) NOT NULL AUTO_INCREMENT;

--
-- AUTO_INCREMENT for table `login`
--
ALTER TABLE `login`
  MODIFY `login_id` int(11) NOT NULL AUTO_INCREMENT, AUTO_INCREMENT=248;

--
-- AUTO_INCREMENT for table `medical_diagnosis`
--
ALTER TABLE `medical_diagnosis`
  MODIFY `diagnosis_no` int(11) NOT NULL AUTO_INCREMENT, AUTO_INCREMENT=193;

--
-- AUTO_INCREMENT for table `package`
--
ALTER TABLE `package`
  MODIFY `package_id` int(11) NOT NULL AUTO_INCREMENT, AUTO_INCREMENT=213;

--
-- AUTO_INCREMENT for table `payment`
--
ALTER TABLE `payment`
  MODIFY `payment_id` int(11) NOT NULL AUTO_INCREMENT, AUTO_INCREMENT=230;

--
-- AUTO_INCREMENT for table `payment_approvals`
--
ALTER TABLE `payment_approvals`
  MODIFY `approval_id` int(11) NOT NULL AUTO_INCREMENT, AUTO_INCREMENT=244;

--
-- Constraints for dumped tables
--

--
-- Constraints for table `admin`
--
ALTER TABLE `admin`
  ADD CONSTRAINT `admin_login_fk` FOREIGN KEY (`login_id`) REFERENCES `login` (`login_id`);

--
-- Constraints for table `body_measurements`
--
ALTER TABLE `body_measurements`
  ADD CONSTRAINT `bm_client_fk` FOREIGN KEY (`client_id`) REFERENCES `client` (`client_id`);

--
-- Constraints for table `client`
--
ALTER TABLE `client`
  ADD CONSTRAINT `client_login_fk` FOREIGN KEY (`login_id`) REFERENCES `login` (`login_id`);

--
-- Constraints for table `employee`
--
ALTER TABLE `employee`
  ADD CONSTRAINT `emplyee_login_fk` FOREIGN KEY (`login_id`) REFERENCES `login` (`login_id`);

--
-- Constraints for table `feedbacks`
--
ALTER TABLE `feedbacks`
  ADD CONSTRAINT `feedback_client_fk` FOREIGN KEY (`client_id`) REFERENCES `client` (`client_id`);

--
-- Constraints for table `medical_diagnosis`
--
ALTER TABLE `medical_diagnosis`
  ADD CONSTRAINT `md_client_fk` FOREIGN KEY (`client_id`) REFERENCES `client` (`client_id`);

--
-- Constraints for table `package`
--
ALTER TABLE `package`
  ADD CONSTRAINT `package_client_fk` FOREIGN KEY (`client_id`) REFERENCES `client` (`client_id`),
  ADD CONSTRAINT `package_payment_fk` FOREIGN KEY (`payment_id`) REFERENCES `payment` (`payment_id`);

--
-- Constraints for table `payment_approvals`
--
ALTER TABLE `payment_approvals`
  ADD CONSTRAINT `payment_approvals_client_fk` FOREIGN KEY (`client_id`) REFERENCES `client` (`client_id`);

--
-- Constraints for table `source`
--
ALTER TABLE `source`
  ADD CONSTRAINT `source_client1_fk` FOREIGN KEY (`refer_client_id`) REFERENCES `client` (`client_id`),
  ADD CONSTRAINT `source_client2_fk` FOREIGN KEY (`client_id`) REFERENCES `client` (`client_id`);
COMMIT;

/*!40101 SET CHARACTER_SET_CLIENT=@OLD_CHARACTER_SET_CLIENT */;
/*!40101 SET CHARACTER_SET_RESULTS=@OLD_CHARACTER_SET_RESULTS */;
/*!40101 SET COLLATION_CONNECTION=@OLD_COLLATION_CONNECTION */;
